"CN","PLT_CN","INVYR","STATECD","COUNTYCD","PLOT","SMPLNNBR","VSTNBR","LAYER_TYPE","SAMPLER_TYPE","QASTATCD","SAMPLE_DATE","LAB_ID","SAMPLE_ID","FIELD_MOIST_SOIL_WT","AIR_DRY_SOIL_WT","OVEN_DRY_SOIL_WT","FIELD_MOIST_WATER_CONTENT_PCT","RESIDUAL_WATER_CONTENT_PCT","TOTAL_WATER_CONTENT_PCT","BULK_DENSITY","COARSE_FRACTION_PCT","C_ORG_PCT","C_INORG_PCT","C_TOTAL_PCT","N_TOTAL_PCT","PH_H2O","PH_CACL2","EXCHNG_NA","EXCHNG_K","EXCHNG_MG","EXCHNG_CA","EXCHNG_AL","ECEC","EXCHNG_MN","EXCHNG_FE","EXCHNG_NI","EXCHNG_CU","EXCHNG_ZN","EXCHNG_CD","EXCHNG_PB","EXCHNG_S","BRAY1_P","OLSEN_P","MEASYEAR","MODIFIED_BY","MODIFIED_DATE","MODIFIED_IN_INSTANCE","CREATED_BY","CREATED_DATE","CREATED_IN_INSTANCE"
"237624741010854","20256107010478",2004,12,1,38,2,1,"FF_TOTAL","SF",1,2003-06-16,"UMO","",216.09,123.57,113.99,74.87,8.4,89.57,.41,,48.9,,,.71,,,,,,,,,,,,,,,,,,,2003,"",2018-02-23,"126144","",2010-09-09,"10854"
"237624697010854","20256107010478",2004,12,1,38,2,1,"MIN_1","BD",1,2003-06-16,"UMO","",153.13,123.07,120.6,24.43,2,26.97,.67,.1,5.61,,,.14,4.17,3.5,11,20,51,687,76,4.8,9.9,7.1,0,0,.3,.1,1.6,8.9,8.8,,2003,"",2018-02-23,"126144","",2010-09-09,"10854"
"237624721010854","20256107010478",2004,12,1,38,2,1,"MIN_2","BD",1,2003-06-16,"UMO","",296.22,272.95,270.37,8.53,1,9.56,1.49,.8,.7,,,.04,5.04,4.27,0,0,2,38,31,.55,5.4,2.5,0,0,0,0,.6,2.2,6,,2003,"",2018-02-23,"126144","",2010-09-09,"10854"
"237624648010854","20256107010478",2004,12,1,38,3,1,"FF_TOTAL","SF",1,2003-06-16,"UMO","",317.8,156.26,145.17,103.38,7.6,118.92,.448,,47.5,,,.86,,,,,,,,,,,,,,,,,,,2003,"",2018-02-23,"126144","",2010-09-09,"10854"
"237624649010854","20256107010478",2004,12,1,38,4,1,"FF_TOTAL","SF",1,2003-06-16,"UMO","",493.74,255.49,232.8,93.25,9.7,112.09,.628,,43.4,,,.92,,,,,,,,,,,,,,,,,,,2003,"",2018-02-23,"126144","",2010-09-09,"10854"
"237624749010854","20257547010478",2004,12,5,3,2,1,"FF_TOTAL","SF",1,2003-06-23,"UMO","",290.75,154.79,142.99,87.84,8.3,103.34,.617,,27.4,,,.45,,,,,,,,,,,,,,,,,,,2003,"",2018-02-23,"126144","",2010-09-09,"10854"
"237624709010854","20257547010478",2004,12,5,3,2,1,"MIN_1","O",1,2003-06-23,"UMO","",245.34,220.91,219.63,11.06,.6,11.71,,.7,.84,,,.02,4.6,3.89,9,4,6,38,45,.79,2.1,5.2,1.2,.2,.3,.1,.4,6.9,44.6,,2003,"",2018-02-23,"126144","",2010-09-09,"10854"
"237624732010854","20257547010478",2004,12,5,3,2,1,"MIN_2","O",1,2003-06-23,"UMO","",297.07,276.57,275.71,7.41,.3,7.75,,0,.38,,,0,4.97,4.37,5,0,2,10,29,.41,.9,2,.2,.1,.1,.2,0,2.3,55.2,,2003,"",2018-02-23,"126144","",2010-09-09,"10854"
"237624677010854","20257683010478",2004,12,5,23,3,1,"FF_TOTAL","SF",1,2003-06-24,"UMO","",1426.71,745.83,695.41,91.29,7.3,105.16,.484,,39.1,,,.48,,,,,,,,,,,,,,,,,,,2003,"",2018-02-23,"126144","",2010-09-09,"10854"
"237624678010854","20259336010478",2004,12,13,4,2,1,"FF_TOTAL","SF",1,2003-06-19,"UMO","",104.73,54.21,51.29,93.19,5.7,104.19,.184,,35.8,,,.54,,,,,,,,,,,,,,,,,,,2003,"",2018-02-23,"126144","",2010-09-09,"10854"
"237624708010854","20259336010478",2004,12,13,4,2,1,"MIN_1","O",1,2003-06-19,"UMO","",307.2,254.37,253.08,20.77,.5,21.38,,2.7,1.29,,,.04,4.45,3.85,7,4,5,14,61,.83,.3,6.5,.4,0,.1,0,.5,3.5,4.7,,2003,"",2018-02-23,"126144","",2010-09-09,"10854"
"237624731010854","20259336010478",2004,12,13,4,2,1,"MIN_2","O",1,2003-06-19,"UMO","",301.4,235.86,234.45,27.79,.6,28.56,,.8,1.34,,,.03,4.47,3.9,9,8,5,18,67,.93,1,8,.5,.2,.2,.6,.8,5.8,3.5,,2003,"",2018-02-23,"126144","",2010-09-09,"10854"
"237624679010854","20259336010478",2004,12,13,4,3,1,"FF_TOTAL","SF",1,2003-06-19,"UMO","",148.12,62.65,56.99,136.42,9.9,159.91,.307,,43.2,,,.53,,,,,,,,,,,,,,,,,,,2003,"",2018-02-23,"126144","",2010-09-09,"10854"
"237624738010854","20260044010478",2004,12,17,18,2,1,"FF_TOTAL","SF",1,2003-06-23,"UMO","",1130.2,493.03,445.8,129.24,10.6,153.52,1.375,,41.5,,,.66,,,,,,,,,,,,,,,,,,,2003,"",2018-02-23,"126144","",2010-09-09,"10854"
"237624694010854","20260044010478",2004,12,17,18,2,1,"MIN_1","BD",1,2003-06-23,"UMO","",223.34,201.57,200.01,10.8,.8,11.66,1.11,.9,.76,,,0,4.64,4.05,11,0,7,20,54,.81,.4,7.4,0,.1,.1,0,0,6.9,22.7,,2003,"",2018-02-23,"126144","",2010-09-09,"10854"
"237624717010854","20260044010478",2004,12,17,18,2,1,"MIN_2","BD",1,2003-06-23,"UMO","",285.53,261.36,260.83,9.25,.2,9.47,1.44,1.2,.46,,,0,5.12,4.44,11,0,9,32,44,.77,2.1,8,0,0,.1,0,0,5,10.5,,2003,"",2018-02-23,"126144","",2010-09-09,"10854"
"237624637010854","20260044010478",2004,12,17,18,3,1,"FF_TOTAL","SF",1,2003-06-23,"UMO","",586.48,251.62,232.7,133.08,8.1,152.03,.717,,32,,,.65,,,,,,,,,,,,,,,,,,,2003,"",2018-02-23,"126144","",2010-09-09,"10854"
"237624638010854","20260044010478",2004,12,17,18,4,1,"FF_TOTAL","SF",1,2003-06-23,"UMO","",630.13,340.7,327.36,84.95,4.1,92.49,1.766,,19.4,,,.33,,,,,,,,,,,,,,,,,,,2003,"",2018-02-23,"126144","",2010-09-09,"10854"
"237624650010854","20260555010478",2004,12,19,11,2,1,"FF_TOTAL","SF",1,2003-06-25,"UMO","",1387.6,742.34,644.25,86.92,15.2,115.38,1.39,,47.1,,,.98,,,,,,,,,,,,,,,,,,,2003,"",2018-02-23,"126144","",2010-09-09,"10854"
"237624698010854","20260555010478",2004,12,19,11,2,1,"MIN_1","BD",1,2003-06-25,"UMO","",264.19,196.24,193.23,34.63,1.6,36.72,1.07,2.6,3.39,,,0,3.74,3.1,11,8,9,18,133,1.71,3.2,13.2,.4,.2,.3,0,1.1,5.9,1.5,,2003,"",2018-02-23,"126144","",2010-09-09,"10854"
"237624722010854","20260555010478",2004,12,19,11,2,1,"MIN_2","BD",1,2003-06-25,"UMO","",307.75,248.32,247.13,23.93,.5,24.53,1.37,85,.87,,,0,4.14,3.51,11,0,4,10,51,.7,1.3,3.6,.4,.1,.1,0,0,5.7,1.6,,2003,"",2018-02-23,"126144","",2010-09-09,"10854"
"237624651010854","20260555010478",2004,12,19,11,3,1,"FF_TOTAL","SF",1,2003-06-25,"UMO","",1451.34,443.64,390.92,227.14,13.5,271.26,.844,,46.7,,,1.26,,,,,,,,,,,,,,,,,,,2003,"",2018-02-23,"126144","",2010-09-09,"10854"
"237624652010854","20260555010478",2004,12,19,11,4,1,"FF_TOTAL","SF",1,2003-06-25,"UMO","",1926.26,1302.71,1125.99,47.87,15.7,71.07,1.057,,48,,,1.17,,,,,,,,,,,,,,,,,,,2003,"",2018-02-23,"126144","",2010-09-09,"10854"
"237624743010854","20262464010478",2004,12,23,15,2,1,"FF_TOTAL","SF",1,2003-07-17,"UMO","",33.86,28.59,26.5,18.43,7.9,27.77,,,28,,,.35,,,,,,,,,,,,,,,,,,,2003,"",2018-02-23,"126144","",2010-09-09,"10854"
"237624700010854","20262464010478",2004,12,23,15,2,1,"MIN_1","O",1,2003-07-17,"UMO","",302.04,269.91,268.06,11.9,.7,12.68,,.5,1.13,,,.04,4,3.35,5,4,11,80,17,.71,1.4,2.8,.4,0,.2,0,0,4.2,3.3,,2003,"",2018-02-23,"126144","",2010-09-09,"10854"
"237624756010854","20262464010478",2004,12,23,15,2,1,"MIN_2","O",1,2003-07-17,"UMO","",330.08,308.15,307.65,7.12,.2,7.29,,.3,.09,,,0,4.64,3.89,2,0,2,12,7,.17,.1,1,.4,0,.3,0,0,1.8,2.1,,2003,"",2018-02-23,"126144","",2010-09-09,"10854"
"237624658010854","20262464010478",2004,12,23,15,3,1,"FF_TOTAL","SF",1,2003-07-17,"UMO","",202.6,151.61,137.21,33.63,10.5,47.66,.494,,42.3,,,1.19,,,,,,,,,,,,,,,,,,,2003,"",2018-02-23,"126144","",2010-09-09,"10854"
"237624659010854","20262464010478",2004,12,23,15,4,1,"FF_TOTAL","SF",1,2003-07-17,"UMO","",279.82,190.57,174.57,46.83,9.2,60.29,.538,,32.3,,,.88,,,,,,,,,,,,,,,,,,,2003,"",2018-02-23,"126144","",2010-09-09,"10854"
"237624661010854","20262341010478",2004,12,23,46,2,1,"FF_TOTAL","SF",1,2003-07-14,"UMO","",184.32,100.5,92.22,83.4,9,99.87,.995,,36.5,,,1.15,,,,,,,,,,,,,,,,,,,2003,"",2018-02-23,"126144","",2010-09-09,"10854"
"237624702010854","20262341010478",2004,12,23,46,2,1,"MIN_1","BD",1,2003-07-14,"UMO","",128.06,73.79,68.99,73.55,7,85.62,.38,2.5,20.37,,,.9,3.16,2.57,46,55,111,228,334,6.1,1.5,12.9,.4,0,.5,0,2.2,42.9,6.2,,2003,"",2018-02-23,"126144","",2010-09-09,"10854"
"237624726010854","20262341010478",2004,12,23,46,2,1,"MIN_2","BD",1,2003-07-14,"UMO","",311.8,256.92,253.46,21.36,1.4,23.02,1.4,3.8,3.48,,,.12,3.34,2.71,9,0,6,10,214,2.52,.2,2.7,.1,0,0,0,.3,5.1,1.2,,2003,"",2018-02-23,"126144","",2010-09-09,"10854"
"237624662010854","20262341010478",2004,12,23,46,3,1,"FF_TOTAL","SF",1,2003-07-14,"UMO","",155.56,89.87,82.51,73.09,8.9,88.53,.445,,38.2,,,.74,,,,,,,,,,,,,,,,,,,2003,"",2018-02-23,"126144","",2010-09-09,"10854"
"237624663010854","20262341010478",2004,12,23,46,4,1,"FF_TOTAL","SF",1,2003-07-14,"UMO","",102.02,64.82,59.46,57.39,9,71.58,.428,,33.8,,,.54,,,,,,,,,,,,,,,,,,,2003,"",2018-02-23,"126144","",2010-09-09,"10854"
"237624653010854","20242517010478",2004,12,31,11,2,1,"FF_TOTAL","SF",1,2003-07-22,"UMO","",533.67,314.39,292.44,69.75,7.5,82.49,1.262,,41.3,,,1.25,,,,,,,,,,,,,,,,,,,2003,"",2018-02-23,"126144","",2010-09-09,"10854"
"237624754010854","20242517010478",2004,12,31,11,2,1,"MIN_1","BD",1,2003-07-22,"UMO","",208.34,189.2,188.36,10.12,.4,10.61,1.04,1.2,2.04,,,.05,3.95,3.21,14,8,28,134,13,1.12,.9,1.3,0,.1,.3,0,1.5,7.9,1.2,,2003,"",2018-02-23,"126144","",2010-09-09,"10854"
"237624723010854","20242517010478",2004,12,31,11,2,1,"MIN_2","BD",1,2003-07-22,"UMO","",283.09,260.53,259.34,8.66,.5,9.16,1.43,1.6,.93,,,.01,3.99,3.22,9,8,17,52,18,.66,1.4,1.7,.5,.2,.4,.3,.3,6.1,4,,2003,"",2018-02-23,"126144","",2010-09-09,"10854"
"237624742010854","20242517010478",2004,12,31,11,3,1,"FF_TOTAL","SF",1,2003-07-22,"UMO","",172.71,117.38,111.05,47.14,5.7,55.52,.399,,39,,,.87,,,,,,,,,,,,,,,,,,,2003,"",2018-02-23,"126144","",2010-09-09,"10854"
"237624654010854","20242517010478",2004,12,31,11,4,1,"FF_TOTAL","SF",1,2003-07-22,"UMO","",261.68,120.04,111.28,117.99,7.9,135.15,.48,,44.5,,,1.46,,,,,,,,,,,,,,,,,,,2003,"",2018-02-23,"126144","",2010-09-09,"10854"
"237624689010854","20243191010478",2004,12,33,22,2,1,"FF_TOTAL","SF",1,2003-06-25,"UMO","",694.46,367.13,330.61,89.16,11,110.05,.793,,39.7,,,1.09,,,,,,,,,,,,,,,,,,,2003,"",2018-02-23,"126144","",2010-09-09,"10854"
"237624713010854","20243191010478",2004,12,33,22,2,1,"MIN_1","BD",1,2003-06-25,"UMO","",185.39,160.44,158.41,15.55,1.3,17.03,.88,1.8,2.57,,,.11,4.07,3.46,7,12,13,38,125,1.75,20.3,7.5,.4,0,.3,0,1.2,11.9,3.1,,2003,"",2018-02-23,"126144","",2010-09-09,"10854"
"237624735010854","20243191010478",2004,12,33,22,2,1,"MIN_2","BD",1,2003-06-25,"UMO","",293.5,269.73,268.74,8.81,.4,9.21,1.48,1.9,.58,,,0,4.85,4.28,7,0,2,6,53,.67,7.9,2.4,.3,0,.1,0,.4,3.7,1.7,,2003,"",2018-02-23,"126144","",2010-09-09,"10854"
"237624752010854","20243191010478",2004,12,33,22,3,1,"FF_TOTAL","SF",1,2003-06-25,"UMO","",951.53,633.25,568.6,50.26,11.4,67.35,1.364,,33.4,,,1.16,,,,,,,,,,,,,,,,,,,2003,"",2018-02-23,"126144","",2010-09-09,"10854"
"237624690010854","20243191010478",2004,12,33,22,4,1,"FF_TOTAL","SF",1,2003-06-25,"UMO","",254.99,180.81,165.02,41.03,9.6,54.52,.89,,24,,,.65,,,,,,,,,,,,,,,,,,,2003,"",2018-02-23,"126144","",2010-09-09,"10854"
"237624675010854","20244828010478",2004,12,39,32,2,1,"FF_TOTAL","SF",1,2003-07-09,"UMO","",97.12,44.88,43.11,116.4,4.1,125.28,,,18.4,,,.6,,,,,,,,,,,,,,,,,,,2003,"",2018-02-23,"126144","",2010-09-09,"10854"
"237624707010854","20244828010478",2004,12,39,32,2,1,"MIN_1","O",1,2003-07-09,"UMO","",250.07,134.23,132.83,86.3,1.1,88.26,,10.9,3.42,,,.17,4.87,4.82,14,27,55,172,77,2.3,26.4,15.8,.1,0,.3,0,.8,10,10.9,,2003,"",2018-02-23,"126144","",2010-09-09,"10854"
"237624748010854","20244828010478",2004,12,39,32,3,1,"FF_TOTAL","SF",1,2003-07-09,"UMO","",216,91.79,83.5,135.32,9.9,158.68,.3,,36.5,,,1.17,,,,,,,,,,,,,,,,,,,2003,"",2018-02-23,"126144","",2010-09-09,"10854"
"237624676010854","20244828010478",2004,12,39,32,4,1,"FF_TOTAL","SF",1,2003-07-09,"UMO","",58.37,37.62,34.21,55.16,10,70.62,.246,,36.2,,,1.52,,,,,,,,,,,,,,,,,,,2003,"",2018-02-23,"126144","",2010-09-09,"10854"
"237624628010854","20247490010478",2004,12,51,3,2,1,"FF_TOTAL","SF",1,2003-07-08,"UMO","",274.68,105.67,96.96,159.94,9,183.29,,,23.5,,,.87,,,,,,,,,,,,,,,,,,,2003,"",2018-02-23,"126144","",2010-09-09,"10854"
"237624629010854","20247490010478",2004,12,51,3,3,1,"FF_TOTAL","SF",1,2003-07-08,"UMO","",159.95,128.7,118.09,24.28,9,35.45,.425,,40.1,,,.74,,,,,,,,,,,,,,,,,,,2003,"",2018-02-23,"126144","",2010-09-09,"10854"
"237624630010854","20247490010478",2004,12,51,3,4,1,"FF_TOTAL","SF",1,2003-07-08,"UMO","",133.08,97.46,90.38,36.55,7.8,47.24,.39,,20.8,,,.4,,,,,,,,,,,,,,,,,,,2003,"",2018-02-23,"126144","",2010-09-09,"10854"
"237624634010854","20247760010478",2004,12,53,25,2,1,"FF_TOTAL","SF",1,2003-06-23,"UMO","",10.36,8.45,8.45,22.6,,22.6,,,24.9,,,.65,,,,,,,,,,,,,,,,,,,2003,"",2018-02-23,"126144","",2010-09-09,"10854"
"237624693010854","20247760010478",2004,12,53,25,2,1,"MIN_1","BD",1,2003-06-23,"UMO","",293.54,260.36,259.43,12.74,.4,13.15,1.43,2,.67,,,.04,4.37,3.56,2,0,9,72,4,.49,2,1.7,.4,.1,.3,0,.3,3.4,.8,,2003,"",2018-02-23,"126144","",2010-09-09,"10854"
"237624716010854","20247760010478",2004,12,53,25,2,1,"MIN_2","BD",1,2003-06-23,"UMO","",310.71,289.15,289.02,7.46,0,7.5,1.6,.5,.21,,,0,4.52,3.78,0,0,4,24,4,.2,1.2,1.4,.1,0,.1,0,0,.4,1.2,,2003,"",2018-02-23,"126144","",2010-09-09,"10854"
"237624635010854","20247760010478",2004,12,53,25,3,1,"FF_TOTAL","SF",1,2003-06-23,"UMO","",732.17,376.46,343.17,94.49,9.7,113.35,1.058,,41.4,,,.76,,,,,,,,,,,,,,,,,,,2003,"",2018-02-23,"126144","",2010-09-09,"10854"
"237624636010854","20247760010478",2004,12,53,25,4,1,"FF_TOTAL","SF",1,2003-06-23,"UMO","",4.27,3.56,3.43,19.94,3.8,24.49,,,10.7,,,.2,,,,,,,,,,,,,,,,,,,2003,"",2018-02-23,"126144","",2010-09-09,"10854"
"237624736010854","20248419010478",2004,12,55,45,2,1,"FF_TOTAL","SF",1,2003-07-03,"UMO","",84.35,55.35,49.76,52.39,11.2,69.51,1.074,,39.3,,,1.38,,,,,,,,,,,,,,,,,,,2003,"",2018-02-23,"126144","",2010-09-09,"10854"
"237624691010854","20248419010478",2004,12,55,45,2,1,"MIN_1","BD",1,2003-07-03,"UMO","",271.76,209.37,205.7,29.8,1.8,32.11,1.14,1.3,3.18,,,.08,3.45,2.75,11,16,27,58,44,1.09,1,9.7,.2,0,.6,0,1,6.6,3.3,,2003,"",2018-02-23,"126144","",2010-09-09,"10854"
"237624714010854","20248419010478",2004,12,55,45,2,1,"MIN_2","BD",1,2003-07-03,"UMO","",331.59,283.11,282.84,17.12,.1,17.24,1.56,2.5,.27,,,0,4.04,3.26,5,0,4,10,10,.21,.4,1.9,0,0,.9,0,1,2.2,1.1,,2003,"",2018-02-23,"126144","",2010-09-09,"10854"
"237624631010854","20248419010478",2004,12,55,45,3,1,"FF_TOTAL","SF",1,2003-07-03,"UMO","",850.45,277.2,247.55,206.8,12,243.55,.534,,44.7,,,1.7,,,,,,,,,,,,,,,,,,,2003,"",2018-02-23,"126144","",2010-09-09,"10854"
"237624632010854","20248419010478",2004,12,55,45,4,1,"FF_TOTAL","SF",1,2003-07-03,"UMO","",1580.35,502.26,459.13,214.65,9.4,244.21,.991,,29.9,,,1.24,,,,,,,,,,,,,,,,,,,2003,"",2018-02-23,"126144","",2010-09-09,"10854"
"237624684010854","20249264010478",2004,12,59,27,2,1,"FF_TOTAL","SF",1,2003-06-30,"UMO","",366.41,239.44,229.28,53.03,4.4,59.81,.619,,42,,,.92,,,,,,,,,,,,,,,,,,,2003,"",2018-02-23,"126144","",2010-09-09,"10854"
"237624711010854","20249264010478",2004,12,59,27,2,1,"MIN_1","BD",1,2003-06-30,"UMO","",255.41,236.04,234.93,8.21,.5,8.72,1.3,1.6,1.47,,,.02,4.61,4.07,2,8,9,46,43,.81,16.7,1.9,.1,0,.1,0,0,4,2.8,,2003,"",2018-02-23,"126144","",2010-09-09,"10854"
"237624758010854","20249264010478",2004,12,59,27,2,1,"MIN_2","BD",1,2003-06-30,"UMO","",300.67,280.11,279.13,7.34,.4,7.72,1.54,2.8,.67,,,.02,5.15,4.59,2,0,4,24,28,.47,5.2,1.3,0,0,0,0,0,4,2.5,,2003,"",2018-02-23,"126144","",2010-09-09,"10854"
"237624685010854","20249264010478",2004,12,59,27,3,1,"FF_TOTAL","SF",1,2003-06-30,"UMO","",303.3,193.31,179.39,56.9,7.8,69.07,.645,,29.3,,,.96,,,,,,,,,,,,,,,,,,,2003,"",2018-02-23,"126144","",2010-09-09,"10854"
"237624686010854","20249264010478",2004,12,59,27,4,1,"FF_TOTAL","SF",1,2003-06-30,"UMO","",30.54,24.94,24.94,22.45,,22.45,,,15.1,,,.28,,,,,,,,,,,,,,,,,,,2003,"",2018-02-23,"126144","",2010-09-09,"10854"
"237624680010854","20249539010478",2004,12,63,18,2,1,"FF_TOTAL","SF",1,2003-07-07,"UMO","",53.6,27.43,26.17,95.41,4.8,104.81,,,26.1,,,1.24,,,,,,,,,,,,,,,,,,,2003,"",2018-02-23,"126144","",2010-09-09,"10854"
"237624710010854","20249539010478",2004,12,63,18,2,1,"MIN_1","BD",1,2003-07-07,"UMO","",299.39,269.35,266.84,11.15,.9,12.2,1.47,.5,.35,,,.02,5.75,5.69,5,35,39,208,6,1.54,30.3,1.2,0,0,.1,0,0,4.5,21.5,,2003,"",2018-02-23,"126144","",2010-09-09,"10854"
"237624733010854","20249539010478",2004,12,63,18,2,1,"MIN_2","BD",1,2003-07-07,"UMO","",311.52,287.83,286.95,8.23,.3,8.56,1.59,1.2,.52,,,.02,5.8,5,9,31,17,186,7,1.27,19.6,1.6,0,0,0,0,0,2.2,18.2,,2003,"",2018-02-23,"126144","",2010-09-09,"10854"
"237624681010854","20249539010478",2004,12,63,18,3,1,"FF_TOTAL","SF",1,2003-07-07,"UMO","",54.42,18.58,16.98,192.9,9.4,220.49,.017,,38.2,,,1.73,,,,,,,,,,,,,,,,,,,2003,"",2018-02-23,"126144","",2010-09-09,"10854"
"237624682010854","20249539010478",2004,12,63,18,4,1,"FF_TOTAL","SF",1,2003-07-07,"UMO","",53.68,25.43,23.3,111.09,9.1,130.39,.063,,22.9,,,.93,,,,,,,,,,,,,,,,,,,2003,"",2018-02-23,"126144","",2010-09-09,"10854"
"237624750010854","20250146010478",2004,12,63,25,3,1,"FF_TOTAL","SF",1,2003-07-08,"UMO","",664.47,296.79,264.89,123.89,12,150.85,.44,,44.1,,,.96,,,,,,,,,,,,,,,,,,,2003,"",2018-02-23,"126144","",2010-09-09,"10854"
"237624683010854","20250146010478",2004,12,63,25,4,1,"FF_TOTAL","SF",1,2003-07-08,"UMO","",262.54,114.46,105.17,129.37,8.8,149.63,.378,,40.6,,,.61,,,,,,,,,,,,,,,,,,,2003,"",2018-02-23,"126144","",2010-09-09,"10854"
"237624747010854","20250641010478",2004,12,65,12,2,1,"FF_TOTAL","SF",1,2003-07-22,"UMO","",25.45,17.16,15.66,48.31,9.6,62.52,,,31.6,,,.71,,,,,,,,,,,,,,,,,,,2003,"",2018-02-23,"126144","",2010-09-09,"10854"
"237624706010854","20250641010478",2004,12,65,12,2,1,"MIN_1","BD",1,2003-07-22,"UMO","",247.99,219.78,218.07,12.84,.8,13.72,1.2,.8,1.56,,,.08,5.87,5.37,14,31,84,571,6,3.75,19.7,2.4,0,0,.1,.1,.6,3.1,16.5,,2003,"",2018-02-23,"126144","",2010-09-09,"10854"
"237624730010854","20250641010478",2004,12,65,12,2,1,"MIN_2","BD",1,2003-07-22,"UMO","",285.64,270.45,269.05,5.62,.5,6.17,1.49,2,.43,,,.01,5.77,5.06,7,12,23,132,15,1.08,7,3.9,0,0,.1,.1,.4,2.1,5.7,,2003,"",2018-02-23,"126144","",2010-09-09,"10854"
"237624673010854","20250641010478",2004,12,65,12,3,1,"FF_TOTAL","SF",1,2003-07-22,"UMO","",19.99,17.98,17.51,11.18,2.7,14.16,,,12.9,,,.22,,,,,,,,,,,,,,,,,,,2003,"",2018-02-23,"126144","",2010-09-09,"10854"
"237624674010854","20250641010478",2004,12,65,12,4,1,"FF_TOTAL","SF",1,2003-07-22,"UMO","",5.91,5.69,5.12,3.87,11.2,15.43,,,13.7,,,.33,,,,,,,,,,,,,,,,,,,2003,"",2018-02-23,"126144","",2010-09-09,"10854"
"237624645010854","20233591010478",2004,12,75,33,2,1,"FF_TOTAL","SF",1,2003-06-17,"UMO","",58.94,21.54,19.93,173.63,8.1,195.74,.143,,33.2,,,.99,,,,,,,,,,,,,,,,,,,2003,"",2018-02-23,"126144","",2010-09-09,"10854"
"237624696010854","20233591010478",2004,12,75,33,2,1,"MIN_1","O",1,2003-06-17,"UMO","",204.86,129.49,126.74,58.21,2.2,61.64,,1.5,5.75,,,.26,4.94,4.41,18,16,49,1719,7,9.18,1.8,2.4,0,0,.3,.4,.7,9.7,3.3,,2003,"",2018-02-23,"126144","",2010-09-09,"10854"
"237624720010854","20233591010478",2004,12,75,33,2,1,"MIN_2","O",1,2003-06-17,"UMO","",369.42,300.05,299.28,23.12,.3,23.44,,1,.67,,,0,6.05,5.19,5,0,7,411,0,2.13,1.3,.5,0,0,0,.6,.6,6.7,,1.1,2003,"",2018-02-23,"126144","",2010-09-09,"10854"
"237624646010854","20233591010478",2004,12,75,33,3,1,"FF_TOTAL","SF",1,2003-06-17,"UMO","",1338.35,504.92,444.75,165.06,13.5,200.92,.343,,47.5,,,.9,,,,,,,,,,,,,,,,,,,2003,"",2018-02-23,"126144","",2010-09-09,"10854"
"237624647010854","20233591010478",2004,12,75,33,4,1,"FF_TOTAL","SF",1,2003-06-17,"UMO","",784.03,337.49,314.52,132.31,7.3,149.28,.522,,36,,,1.05,,,,,,,,,,,,,,,,,,,2003,"",2018-02-23,"126144","",2010-09-09,"10854"
"237624670010854","20234505010478",2004,12,77,28,2,1,"FF_TOTAL","SF",1,2003-06-17,"UMO","",1815.97,948.04,826.98,91.55,14.6,119.59,.85,,43.3,,,.62,,,,,,,,,,,,,,,,,,,2003,"",2018-02-23,"126144","",2010-09-09,"10854"
"237624705010854","20234505010478",2004,12,77,28,2,1,"MIN_1","O",1,2003-06-17,"UMO","",204.77,165.99,162.67,23.36,2,25.88,,1.6,2.37,,,.02,3.77,3.21,14,8,5,12,63,.88,.6,9.7,0,.1,.2,0,.7,6.6,1.6,,2003,"",2018-02-23,"126144","",2010-09-09,"10854"
"237624757010854","20234505010478",2004,12,77,28,2,1,"MIN_2","O",1,2003-06-17,"UMO","",246.1,211.31,209.96,16.46,.6,17.21,,.7,.97,,,.01,4.38,3.84,7,4,2,6,58,.73,.4,4.2,.8,.1,.1,.2,.1,2.1,1.3,,2003,"",2018-02-23,"126144","",2010-09-09,"10854"
"237624671010854","20234505010478",2004,12,77,28,3,1,"FF_TOTAL","SF",1,2003-06-17,"UMO","",133.8,73.52,68.04,81.99,8.1,96.65,.489,,19.6,,,.35,,,,,,,,,,,,,,,,,,,2003,"",2018-02-23,"126144","",2010-09-09,"10854"
"237624672010854","20234505010478",2004,12,77,28,4,1,"FF_TOTAL","SF",1,2003-06-17,"UMO","",2013.52,544.05,499.2,270.1,9,303.35,1.197,,32.8,,,.71,,,,,,,,,,,,,,,,,,,2003,"",2018-02-23,"126144","",2010-09-09,"10854"
"237624746010854","20234320010478",2004,12,77,48,2,1,"FF_TOTAL","SF",1,2003-06-18,"UMO","",825.87,463.45,406.38,78.2,14,103.23,.731,,42,,,1.17,,,,,,,,,,,,,,,,,,,2003,"",2018-02-23,"126144","",2010-09-09,"10854"
"237624704010854","20234320010478",2004,12,77,48,2,1,"MIN_1","O",1,2003-06-18,"UMO","",293.54,235.5,233.03,24.65,1.1,25.97,,1.1,1.34,,,.05,4.43,3.86,5,0,4,4,93,1.1,.2,8.4,0,0,.1,0,1.5,4.1,44.2,,2003,"",2018-02-23,"126144","",2010-09-09,"10854"
"237624729010854","20234320010478",2004,12,77,48,2,1,"MIN_2","O",1,2003-06-18,"UMO","",320.54,267.35,266.15,19.9,.4,20.44,,.2,.91,,,.01,4.94,4.41,5,0,1,4,65,.77,.1,2.7,.1,0,.3,.1,.3,2.4,24.3,,2003,"",2018-02-23,"126144","",2010-09-09,"10854"
"237624669010854","20234320010478",2004,12,77,48,3,1,"FF_TOTAL","SF",1,2003-06-18,"UMO","",1242.03,565.1,499.59,119.79,13.1,148.61,.77,,47.6,,,1.31,,,,,,,,,,,,,,,,,,,2003,"",2018-02-23,"126144","",2010-09-09,"10854"
"237624666010854","20234959010478",2004,12,79,24,2,1,"FF_TOTAL","SF",1,2003-07-21,"UMO","",236.69,170.09,155.32,39.16,9.5,52.39,.479,,24.1,,,.63,,,,,,,,,,,,,,,,,,,2003,"",2018-02-23,"126144","",2010-09-09,"10854"
"237624755010854","20234959010478",2004,12,79,24,2,1,"MIN_1","BD",1,2003-07-21,"UMO","",253.38,245.87,244.44,3.05,.6,3.66,1.35,.4,1.03,,,.02,5.4,4.69,14,12,17,150,30,1.31,6.4,4.4,0,0,.4,.2,.3,4.2,126,,2003,"",2018-02-23,"126144","",2010-09-09,"10854"
"237624728010854","20234959010478",2004,12,79,24,2,1,"MIN_2","BD",1,2003-07-21,"UMO","",289.89,278.61,277.3,4.05,.5,4.54,1.53,.2,.78,,,.01,5.49,4.73,9,20,17,92,27,.99,5.1,2.9,0,0,.4,0,.2,4.3,118,,2003,"",2018-02-23,"126144","",2010-09-09,"10854"
"237624667010854","20234959010478",2004,12,79,24,3,1,"FF_TOTAL","SF",1,2003-07-21,"UMO","",216.54,147.4,135.43,46.91,8.8,59.89,.292,,41.6,,,1.11,,,,,,,,,,,,,,,,,,,2003,"",2018-02-23,"126144","",2010-09-09,"10854"
"237624668010854","20234959010478",2004,12,79,24,4,1,"FF_TOTAL","SF",1,2003-07-21,"UMO","",341.42,293.43,276.64,16.35,6.1,23.42,.746,,20.3,,,.49,,,,,,,,,,,,,,,,,,,2003,"",2018-02-23,"126144","",2010-09-09,"10854"
"237624640010854","20236391010478",2004,12,83,10,2,1,"FF_TOTAL","SF",1,2003-07-01,"UMO","",156.33,113.35,107.97,37.92,5,44.79,,,10.2,,,.3,,,,,,,,,,,,,,,,,,,2003,"",2018-02-23,"126144","",2010-09-09,"10854"
"237624695010854","20236391010478",2004,12,83,10,2,1,"MIN_1","BD",1,2003-07-01,"UMO","",262.46,238.44,238,10.07,.2,10.28,1.31,2.4,.59,,,.01,4.42,3.87,2,0,5,38,19,.45,.8,5.2,.4,0,.1,0,0,0,3.7,,2003,"",2018-02-23,"126144","",2010-09-09,"10854"
"237624718010854","20236391010478",2004,12,83,10,2,1,"MIN_2","BD",1,2003-07-01,"UMO","",301.05,282.75,282.32,6.47,.2,6.63,1.56,.3,.28,,,.01,4.89,4.35,2,0,1,8,29,.38,.4,6.9,.7,.1,.1,0,.2,1.3,3.9,,2003,"",2018-02-23,"126144","",2010-09-09,"10854"
"237624739010854","20236391010478",2004,12,83,10,3,1,"FF_TOTAL","SF",1,2003-07-01,"UMO","",54.15,38.05,35.1,42.31,8.4,54.27,.758,,29.1,,,.32,,,,,,,,,,,,,,,,,,,2003,"",2018-02-23,"126144","",2010-09-09,"10854"
"237624641010854","20236391010478",2004,12,83,10,4,1,"FF_TOTAL","SF",1,2003-07-01,"UMO","",30.36,24.07,22.35,26.13,7.7,35.84,,,33.6,,,.38,,,,,,,,,,,,,,,,,,,2003,"",2018-02-23,"126144","",2010-09-09,"10854"
"237624643010854","20235963010478",2004,12,83,84,2,1,"FF_TOTAL","SF",1,2003-06-18,"UMO","",275.62,198.01,180.09,39.19,10,53.05,.648,,47.6,,,.86,,,,,,,,,,,,,,,,,,,2003,"",2018-02-23,"126144","",2010-09-09,"10854"
"237624753010854","20235963010478",2004,12,83,84,2,1,"MIN_1","BD",1,2003-06-18,"UMO","",213.12,202.79,201.8,5.09,.5,5.61,1.11,2.8,.57,,,0,4.73,4.1,0,0,4,24,30,.48,1.3,7,.3,0,.1,.4,1.2,4.7,11.2,,2003,"",2018-02-23,"126144","",2010-09-09,"10854"
"237624719010854","20235963010478",2004,12,83,84,2,1,"MIN_2","BD",1,2003-06-18,"UMO","",280.4,271.04,270.24,3.45,.3,3.76,1.49,.2,.26,,,0,4.97,4.39,2,0,2,14,39,.53,.7,9.9,0,0,.1,.4,.4,6.6,10.8,,2003,"",2018-02-23,"126144","",2010-09-09,"10854"
"237624644010854","20235963010478",2004,12,83,84,3,1,"FF_TOTAL","SF",1,2003-06-18,"UMO","",168.08,100.53,94.05,67.19,6.9,78.71,.338,,40.2,,,.84,,,,,,,,,,,,,,,,,,,2003,"",2018-02-23,"126144","",2010-09-09,"10854"
"237624740010854","20235963010478",2004,12,83,84,4,1,"FF_TOTAL","SF",1,2003-06-18,"UMO","",205.68,134.09,122.96,53.39,9,67.27,.379,,43.4,,,.97,,,,,,,,,,,,,,,,,,,2003,"",2018-02-23,"126144","",2010-09-09,"10854"
"237624655010854","20238407010478",2004,12,89,38,2,1,"FF_TOTAL","SF",1,2003-07-21,"UMO","",67.51,27.55,25.7,145.05,7.2,162.68,.069,,40.6,,,1.59,,,,,,,,,,,,,,,,,,,2003,"",2018-02-23,"126144","",2010-09-09,"10854"
"237624699010854","20238407010478",2004,12,89,38,2,1,"MIN_1","BD",1,,"UMO","",235.27,197.48,196.08,19.14,.7,19.99,1.08,3.4,1,,,.03,4.22,3.78,23,4,12,24,40,.78,.2,10.2,.1,0,.1,0,1,14.6,1.4,,2003,"",2018-02-23,"126144","",2010-09-09,"10854"
"237624724010854","20238407010478",2004,12,89,38,2,1,"MIN_2","BD",1,2003-07-21,"UMO","",288.7,234.55,233.26,23.09,.6,23.77,1.29,1.3,.83,,,.02,4.42,3.84,21,8,13,46,35,.84,.4,9.1,0,.2,.2,0,.4,8.4,1.5,,2003,"",2018-02-23,"126144","",2010-09-09,"10854"
"237624656010854","20238407010478",2004,12,89,38,3,1,"FF_TOTAL","SF",1,2003-07-21,"UMO","",27.3,24.87,22.71,9.77,9.5,20.21,.098,,47.9,,,1,,,,,,,,,,,,,,,,,,,2003,"",2018-02-23,"126144","",2010-09-09,"10854"
"237624657010854","20238407010478",2004,12,89,38,4,1,"FF_TOTAL","SF",1,2003-07-21,"UMO","",64.49,57.59,51.94,11.98,10.9,24.16,.14,,47.5,,,.71,,,,,,,,,,,,,,,,,,,2003,"",2018-02-23,"126144","",2010-09-09,"10854"
"237624642010854","20354594010478",2004,12,107,22,3,1,"FF_TOTAL","SF",1,2003-07-10,"UMO","",706.85,398.03,375.19,77.59,6.1,88.4,2.024,,32,,,1.12,,,,,,,,,,,,,,,,,,,2003,"",2018-02-23,"126144","",2010-09-09,"10854"
"237624737010854","20357525010478",2004,12,119,24,2,1,"FF_TOTAL","SF",1,2003-06-30,"UMO","",858.79,230.9,208.23,271.93,10.9,312.42,.642,,33.4,,,.83,,,,,,,,,,,,,,,,,,,2003,"",2018-02-23,"126144","",2010-09-09,"10854"
"237624692010854","20357525010478",2004,12,119,24,2,1,"MIN_1","BD",1,2003-06-30,"UMO","",222.71,115.61,110.72,92.64,4.4,101.15,.61,7.3,7.1,,,.31,3.3,2.67,18,27,64,441,62,3.57,.5,6.7,.5,0,.3,0,1.5,9.2,3.9,,2003,"",2018-02-23,"126144","",2010-09-09,"10854"
"237624715010854","20357525010478",2004,12,119,24,2,1,"MIN_2","BD",1,2003-06-30,"UMO","",309.74,251.27,249.06,23.27,.9,24.36,1.38,.8,1.59,,,.06,3.41,2.74,5,0,10,108,14,.8,.2,1.2,.4,0,.1,.1,.3,0,1,,2003,"",2018-02-23,"126144","",2010-09-09,"10854"
"237624633010854","20357525010478",2004,12,119,24,4,1,"FF_TOTAL","SF",1,2003-06-30,"UMO","",825.12,172.64,149.8,377.94,15.2,450.81,,,35.3,,,1.41,,,,,,,,,,,,,,,,,,,2003,"",2018-02-23,"126144","",2010-09-09,"10854"
"237624660010854","20358250010478",2004,12,121,38,2,1,"FF_TOTAL","SF",1,2003-07-16,"UMO","",34.65,29.89,28.47,15.93,5,21.71,.614,,25.1,,,.67,,,,,,,,,,,,,,,,,,,2003,"",2018-02-23,"126144","",2010-09-09,"10854"
"237624701010854","20358250010478",2004,12,121,38,2,1,"MIN_1","BD",1,2003-07-16,"UMO","",294.73,279.05,277.98,5.62,.4,6.03,1.54,.4,.54,,,0,5.04,4.53,2,0,4,20,34,.52,2.9,2.8,.8,.1,.1,.2,.3,0,210.4,,2003,"",2018-02-23,"126144","",2010-09-09,"10854"
"237624725010854","20358250010478",2004,12,121,38,2,1,"MIN_2","BD",1,2003-07-16,"UMO","",320.79,304.04,303.18,5.51,.3,5.81,1.68,.4,.47,,,0,5.23,4.75,2,0,4,16,29,.44,2.9,2.8,.8,.2,.2,0,.5,0,188.8,,2003,"",2018-02-23,"126144","",2010-09-09,"10854"
"237624744010854","20358250010478",2004,12,121,38,4,1,"FF_TOTAL","SF",1,2003-07-16,"UMO","",166.83,120.21,111,38.78,8.3,50.3,,,29.6,,,.5,,,,,,,,,,,,,,,,,,,2003,"",2018-02-23,"126144","",2010-09-09,"10854"
"237624664010854","20358658010478",2004,12,123,77,2,1,"FF_TOTAL","SF",1,2003-07-10,"UMO","",153.4,122.39,109.81,25.34,11.5,39.7,.592,,30.3,,,.66,,,,,,,,,,,,,,,,,,,2003,"",2018-02-23,"126144","",2010-09-09,"10854"
"237624703010854","20358658010478",2004,12,123,77,2,1,"MIN_1","O",1,2003-07-10,"UMO","",229.98,218.54,217.48,5.23,.5,5.75,,3.1,.74,,,0,4.81,4.12,2,0,2,30,25,.46,2.9,3.4,0,0,0,0,0,2.3,17,,2003,"",2018-02-23,"126144","",2010-09-09,"10854"
"237624727010854","20358658010478",2004,12,123,77,2,1,"MIN_2","O",1,2003-07-10,"UMO","",271.56,260.97,260.56,4.06,.2,4.22,,1.1,.4,,,0,4.96,4.3,0,0,1,0,30,.34,.2,4.2,.1,0,0,0,0,.4,10.5,,2003,"",2018-02-23,"126144","",2010-09-09,"10854"
"237624745010854","20358658010478",2004,12,123,77,3,1,"FF_TOTAL","SF",1,2003-07-10,"UMO","",147.69,127.19,114.04,16.12,11.5,29.51,.82,,46.5,,,.77,,,,,,,,,,,,,,,,,,,2003,"",2018-02-23,"126144","",2010-09-09,"10854"
"237624665010854","20358658010478",2004,12,123,77,4,1,"FF_TOTAL","SF",1,2003-07-10,"UMO","",243.26,177.03,161.46,37.41,9.6,50.66,.581,,43.1,,,.96,,,,,,,,,,,,,,,,,,,2003,"",2018-02-23,"126144","",2010-09-09,"10854"
"237624639010854","20361121010478",2004,12,127,45,2,1,"FF_TOTAL","SF",1,2003-06-26,"UMO","",28.21,22.2,20.28,27.07,9.4,39.1,.088,,45.2,,,.99,,,,,,,,,,,,,,,,,,,2003,"",2018-02-23,"126144","",2010-09-09,"10854"
"237624751010854","20363488010478",2004,12,131,23,2,1,"FF_TOTAL","SF",1,2003-07-01,"UMO","",99.14,54.77,51.01,81.01,7.4,94.35,,,26.9,,,.45,,,,,,,,,,,,,,,,,,,2003,"",2018-02-23,"126144","",2010-09-09,"10854"
"237624712010854","20363488010478",2004,12,131,23,2,1,"MIN_1","O",1,2003-07-01,"UMO","",269.2,240.42,239.96,11.97,.2,12.19,,.6,.69,,,.02,4.68,4.08,5,0,5,26,32,.55,9,2.2,.1,0,.1,0,.1,4.8,3.8,,2003,"",2018-02-23,"126144","",2010-09-09,"10854"
"237624734010854","20363488010478",2004,12,131,23,2,1,"MIN_2","O",1,2003-07-01,"UMO","",286.62,260.86,260.39,9.88,.2,10.07,,.2,.27,,,0,5.1,4.44,7,0,4,10,23,.37,5.5,4.3,.6,0,0,0,.7,13.3,3.3,,2003,"",2018-02-23,"126144","",2010-09-09,"10854"
"237624687010854","20363488010478",2004,12,131,23,3,1,"FF_TOTAL","SF",1,2003-07-01,"UMO","",192.49,89.68,82.96,114.64,8.1,132.03,.895,,34.5,,,.87,,,,,,,,,,,,,,,,,,,2003,"",2018-02-23,"126144","",2010-09-09,"10854"
"237624688010854","20363488010478",2004,12,131,23,4,1,"FF_TOTAL","SF",1,2003-07-01,"UMO","",314.61,154.57,145.6,103.54,6.2,116.08,.786,,34.4,,,.81,,,,,,,,,,,,,,,,,,,2003,"",2018-02-23,"126144","",2010-09-09,"10854"
"237624819010854","20364923010478",2006,12,3,44,2,1,"FF_TOTAL","SF",1,2004-06-02,"UMO","2004-12-125",94.48,88.71,81.52,6.5,8.82,15.9,,,49,,49,.872,,,,,,,,,,,,,,,,,,,2004,"",2018-02-23,"126144","",2010-09-09,"10854"
"237624820010854","20364923010478",2006,12,3,44,3,1,"FF_TOTAL","SF",1,2004-06-02,"UMO","2004-12-126",296.68,232.31,211.73,27.71,9.72,40.12,.029,,45.1,,45.1,1.586,,,,,,,,,,,,,,,,,,,2004,"",2018-02-23,"126144","",2010-09-09,"10854"
"237624821010854","20364923010478",2006,12,3,44,4,1,"FF_TOTAL","SF",1,2004-06-02,"UMO","2004-12-127",94.08,87.32,79.29,7.74,10.13,18.65,.007,,48,,48,.784,,,,,,,,,,,,,,,,,,,2004,"",2018-02-23,"126144","",2010-09-09,"10854"
"237624800010854","20366066010478",2006,12,7,26,2,1,"FF_TOTAL","SF",1,2004-06-07,"UMO","2004-12-118",.44,.42,.42,4.76,,4.76,0,,41.5,,41.5,,,,,,,,,,,,,,,,,,,,2004,"",2018-02-23,"126144","",2010-09-09,"10854"
"237624802010854","20366066010478",2006,12,7,26,2,1,"MIN_1","BD",1,2004-06-07,"UMO","2004-12-116",321.24,296.07,294.12,8.5,.66,9.22,1.62,.3,1.07,.04,1.11,.003,4.32,3.81,2,2,1,10,65,.79,.1,.7,.4,0,.2,.1,.5,4,15.9,,2004,"",2018-02-23,"126144","",2010-09-09,"10854"
"237624803010854","20366066010478",2006,12,7,26,2,1,"MIN_2","BD",1,2004-06-07,"UMO","2004-12-117",326.63,306.37,305.41,6.61,.31,6.95,1.69,1.5,.6,.06,.66,0,4.69,4.17,2,1,2,13,32,.45,.9,.7,.8,0,.1,.1,0,3.3,2.4,,2004,"",2018-02-23,"126144","",2010-09-09,"10854"
"237624801010854","20366066010478",2006,12,7,26,4,1,"FF_TOTAL","SF",1,2004-06-07,"UMO","2004-12-119",334.95,269.3,246.76,24.38,9.14,35.74,,,46.6,,46.6,1.565,,,,,,,,,,,,,,,,,,,2004,"",2018-02-23,"126144","",2010-09-09,"10854"
"237624837010854","20366929010478",2006,12,13,54,2,1,"FF_TOTAL","SF",1,2004-05-12,"UMO","2004-12-003",133.94,118.62,111.17,12.92,6.7,20.48,.16,,10,,10,.608,,,,,,,,,,,,,,,,,,,2004,"",2018-02-23,"126144","",2010-09-09,"10854"
"237624838010854","20366929010478",2006,12,13,54,2,1,"MIN_1","BD",1,2004-05-12,"UMO","2004-12-001",273.29,252.6,251.54,8.19,.42,8.65,1.39,.1,.32,.01,.33,.011,6.37,5.61,3,23,36,430,11,2.64,8.4,4.1,0,0,.5,.1,.1,2.1,,5,2004,"",2018-02-23,"126144","",2010-09-09,"10854"
"237624839010854","20366929010478",2006,12,13,54,2,1,"MIN_2","BD",1,2004-05-12,"UMO","2004-12-002",263.94,246.43,245.48,7.11,.39,7.52,1.36,.1,.34,.67,1.01,0,6.23,5.5,2,8,21,265,6,1.59,7,2.3,0,0,.3,.4,.2,2.8,,4,2004,"",2018-02-23,"126144","",2010-09-09,"10854"
"237624887010854","20366929010478",2006,12,13,54,4,1,"FF_TOTAL","SF",1,2004-05-12,"UMO","2004-12-004",188.14,143.54,134.95,31.07,6.36,39.41,.132,,36.3,,36.3,1.292,,,,,,,,,,,,,,,,,,,2004,"",2018-02-23,"126144","",2010-09-09,"10854"
"237624857010854","20367564010478",2006,12,15,65,2,1,"FF_TOTAL","SF",1,2004-05-18,"UMO","2004-12-044",61.69,55.61,52.15,10.93,6.64,18.29,.016,,36.5,,36.5,.787,,,,,,,,,,,,,,,,,,,2004,"",2018-02-23,"126144","",2010-09-09,"10854"
"237624891010854","20367564010478",2006,12,15,65,2,1,"MIN_1","BD",1,2004-05-18,"UMO","2004-12-042",287.61,260.47,259.49,10.42,.38,10.84,1.43,2.7,.51,.05,.56,0,5.18,4.46,6,4,7,102,3,.64,.4,1.3,0,0,0,.2,0,3.2,.9,,2004,"",2018-02-23,"126144","",2010-09-09,"10854"
"237624860010854","20367564010478",2006,12,15,65,2,1,"MIN_2","BD",1,2004-05-18,"UMO","2004-12-043",306.78,285.35,285.11,7.51,.08,7.6,1.58,1.1,.14,.02,.16,0,5.33,4.63,1,1,1,13,2,.1,0,.8,0,0,.1,.9,0,1,.5,,2004,"",2018-02-23,"126144","",2010-09-09,"10854"
"237624858010854","20367564010478",2006,12,15,65,3,1,"FF_TOTAL","SF",1,2004-05-18,"UMO","2004-12-045",68.09,62.71,58.82,8.58,6.61,15.76,.016,,32,,32,.92,,,,,,,,,,,,,,,,,,,2004,"",2018-02-23,"126144","",2010-09-09,"10854"
"237624859010854","20367564010478",2006,12,15,65,4,1,"FF_TOTAL","SF",1,2004-05-18,"UMO","2004-12-046",57.22,55.23,51.8,3.6,6.62,10.46,.012,,42.4,,42.4,.688,,,,,,,,,,,,,,,,,,,2004,"",2018-02-23,"126144","",2010-09-09,"10854"
"237624852010854","20368424010478",2006,12,21,185,2,1,"FF_TOTAL","SF",1,2004-05-19,"UMO","2004-12-050",24.56,23.94,23.62,2.59,1.34,3.98,,,33.5,,33.5,2.47,,,,,,,,,,,,,,,,,,,2004,"",2018-02-23,"126144","",2010-09-09,"10854"
"237624853010854","20368424010478",2006,12,21,185,3,1,"FF_TOTAL","SF",1,2004-05-19,"UMO","2004-12-051",22.95,21.87,20.08,4.94,8.93,14.29,.054,,32.5,,32.5,2.036,,,,,,,,,,,,,,,,,,,2004,"",2018-02-23,"126144","",2010-09-09,"10854"
"237624854010854","20368424010478",2006,12,21,185,4,1,"FF_TOTAL","SF",1,2004-05-19,"UMO","2004-12-052",6.73,6.26,5.51,7.51,13.61,22.14,.006,,44.1,,44.1,1.57,,,,,,,,,,,,,,,,,,,2004,"",2018-02-23,"126144","",2010-09-09,"10854"
"237624861010854","20225825010478",2006,12,27,48,2,1,"FF_TOTAL","SF",1,2004-05-17,"UMO","2004-12-055",4.82,4.65,4.65,3.66,,3.66,.02,,36.5,,36.5,.68,,,,,,,,,,,,,,,,,,,2004,"",2018-02-23,"126144","",2010-09-09,"10854"
"237624864010854","20225825010478",2006,12,27,48,2,1,"MIN_1","BD",1,2004-05-17,"UMO","2004-12-053",280.16,266.35,266.12,5.18,.09,5.28,1.47,1.7,.46,.01,.47,.018,5.16,4.45,4,5,5,44,8,.38,.2,5.8,.1,0,.2,.3,0,1.3,1.4,,2004,"",2018-02-23,"126144","",2010-09-09,"10854"
"237624892010854","20225825010478",2006,12,27,48,2,1,"MIN_2","BD",1,2004-05-17,"UMO","2004-12-054",306.53,287.62,287.36,6.57,.09,6.67,1.59,.5,.19,.02,.21,.018,5.26,4.63,2,2,1,10,6,.14,.1,3.6,0,0,.1,.2,0,1.6,.9,,2004,"",2018-02-23,"126144","",2010-09-09,"10854"
"237624862010854","20225825010478",2006,12,27,48,3,1,"FF_TOTAL","SF",1,2004-05-17,"UMO","2004-12-056",.9,.85,.85,5.88,,5.88,,,30.5,,30.5,.97,,,,,,,,,,,,,,,,,,,2004,"",2018-02-23,"126144","",2010-09-09,"10854"
"237624863010854","20225825010478",2006,12,27,48,4,1,"FF_TOTAL","SF",1,2004-05-17,"UMO","2004-12-057",1.52,1.4,1.4,8.57,,8.57,,,35.7,,35.7,1.039,,,,,,,,,,,,,,,,,,,2004,"",2018-02-23,"126144","",2010-09-09,"10854"
"237624882010854","20226144010478",2006,12,31,68,2,1,"FF_TOTAL","SF",1,2004-06-02,"UMO","2004-12-121",1060.53,566.98,509.86,87.05,11.2,108,.046,,45.1,,45.1,.9,,,,,,,,,,,,,,,,,,,2004,"",2018-02-23,"126144","",2010-09-09,"10854"
"237624818010854","20226144010478",2006,12,31,68,2,1,"MIN_1","O",1,2004-06-02,"UMO","2004-12-120",198.66,151.17,146.27,31.41,3.35,35.82,,13.1,5.63,.17,5.8,.257,3.86,3.4,30,24,109,935,113,7.01,1.5,5.5,.8,0,9,.3,3.4,21,11.8,,2004,"",2018-02-23,"126144","",2010-09-09,"10854"
"237624817010854","20226144010478",2006,12,31,68,3,1,"FF_TOTAL","SF",1,2004-06-02,"UMO","2004-12-122",172.47,97.55,89.8,76.8,8.63,92.06,.01,,45.7,,45.7,1.037,,,,,,,,,,,,,,,,,,,2004,"",2018-02-23,"126144","",2010-09-09,"10854"
"237624776010854","20226625010478",2006,12,33,67,2,1,"FF_TOTAL","SF",1,2004-05-25,"UMO","2004-12-065",228.06,201.74,193.47,13.05,4.27,17.88,.135,,27.7,,27.7,.717,,,,,,,,,,,,,,,,,,,2004,"",2018-02-23,"126144","",2010-09-09,"10854"
"237624760010854","20226625010478",2006,12,33,67,2,1,"MIN_1","BD",1,2004-05-25,"UMO","2004-12-063",284.11,271.8,270.5,4.53,.48,5.03,1.49,3.8,.77,.04,.81,.02,4.85,4.36,2,9,5,18,33,.53,3.5,3.5,0,0,.9,0,.2,5.2,2.1,,2004,"",2018-02-23,"126144","",2010-09-09,"10854"
"237624761010854","20226625010478",2006,12,33,67,2,1,"MIN_2","BD",1,2004-05-25,"UMO","2004-12-064",295.59,286.2,285.47,3.28,.26,3.55,1.58,2.5,.3,.05,.35,0,5.07,4.57,2,3,2,7,23,.32,1.7,4.6,.2,0,.1,.3,.5,8.3,1.5,,2004,"",2018-02-23,"126144","",2010-09-09,"10854"
"237624777010854","20226625010478",2006,12,33,67,3,1,"FF_TOTAL","SF",1,2004-05-25,"UMO","2004-12-066",424.5,373.8,361.82,13.56,3.31,17.32,.206,,27.3,,27.3,.739,,,,,,,,,,,,,,,,,,,2004,"",2018-02-23,"126144","",2010-09-09,"10854"
"237624759010854","20226625010478",2006,12,33,67,4,1,"FF_TOTAL","SF",1,2004-05-25,"UMO","2004-12-067",98.4,97.08,91.05,1.36,6.62,8.07,.094,,18.5,,18.5,.596,,,,,,,,,,,,,,,,,,,2004,"",2018-02-23,"126144","",2010-09-09,"10854"
"237624875010854","20226709010478",2006,12,35,40,2,1,"FF_TOTAL","SF",1,2004-05-25,"UMO","2004-12-089",73.19,70.74,66.83,3.46,5.86,9.52,.033,,34,,34,.827,,,,,,,,,,,,,,,,,,,2004,"",2018-02-23,"126144","",2010-09-09,"10854"
"237624793010854","20226709010478",2006,12,35,40,2,1,"MIN_1","BD",1,2004-05-25,"UMO","2004-12-087",199.06,189.76,188.55,4.9,.64,5.57,1.04,1.5,1.58,.05,1.63,.093,5.16,4.31,8,16,67,373,4,2.53,2.9,.3,.9,0,.5,.3,0,1.1,4,,2004,"",2018-02-23,"126144","",2010-09-09,"10854"
"237624794010854","20226709010478",2006,12,35,40,2,1,"MIN_2","BD",1,2004-05-25,"UMO","2004-12-088",274.33,270.36,270.14,1.47,.08,1.55,1.49,.3,.06,.04,.1,0,5.42,4.59,2,2,6,37,0,.25,.1,.4,.6,0,.1,0,.8,1.5,.7,,2004,"",2018-02-23,"126144","",2010-09-09,"10854"
"237624791010854","20226709010478",2006,12,35,40,3,1,"FF_TOTAL","SF",1,2004-05-25,"UMO","2004-12-090",63.37,61.38,56.36,3.24,8.91,12.44,.049,,43.4,,43.4,.866,,,,,,,,,,,,,,,,,,,2004,"",2018-02-23,"126144","",2010-09-09,"10854"
"237624792010854","20226709010478",2006,12,35,40,4,1,"FF_TOTAL","SF",1,2004-05-25,"UMO","2004-12-091",13.28,13.27,12.16,.08,9.15,9.21,.006,,44.9,,44.9,.793,,,,,,,,,,,,,,,,,,,2004,"",2018-02-23,"126144","",2010-09-09,"10854"
"237624786010854","20226737010478",2006,12,35,49,2,1,"FF_TOTAL","SF",1,2004-05-26,"UMO","2004-12-084",37.12,34.12,33.31,8.79,2.44,11.44,.005,,44.1,,44.1,.748,,,,,,,,,,,,,,,,,,,2004,"",2018-02-23,"126144","",2010-09-09,"10854"
"237624789010854","20226737010478",2006,12,35,49,2,1,"MIN_1","BD",1,2004-05-26,"UMO","2004-12-082",237.06,188.96,182.87,25.46,3.33,29.63,1.01,4.4,4.66,.21,4.87,.281,4.94,4.49,137,65,509,2425,105,18.22,1.3,4.8,0,0,.4,.3,1.4,18.5,3.5,,2004,"",2018-02-23,"126144","",2010-09-09,"10854"
"237624790010854","20226737010478",2006,12,35,49,2,1,"MIN_2","BD",1,2004-05-26,"UMO","2004-12-083",293.83,236.49,227.98,24.25,3.73,28.88,1.26,4.4,1.71,.02,1.73,0,5.65,5.07,178,66,689,2892,14,21.2,.2,1.5,.2,0,0,0,.1,26.6,1.4,,2004,"",2018-02-23,"126144","",2010-09-09,"10854"
"237624787010854","20226737010478",2006,12,35,49,3,1,"FF_TOTAL","SF",1,2004-05-26,"UMO","2004-12-085",37.71,36.52,36.22,3.26,.84,4.11,.011,,45.1,,45.1,.593,,,,,,,,,,,,,,,,,,,2004,"",2018-02-23,"126144","",2010-09-09,"10854"
"237624788010854","20226737010478",2006,12,35,49,4,1,"FF_TOTAL","SF",1,2004-05-26,"UMO","2004-12-086",14.28,14.09,13.34,1.35,5.62,7.05,.021,,48.6,,48.6,.417,,,,,,,,,,,,,,,,,,,2004,"",2018-02-23,"126144","",2010-09-09,"10854"
"237624886010854","20226892010478",2006,12,39,41,2,1,"FF_TOTAL","SF",1,2004-06-04,"UMO","2004-12-109",90.03,55.36,51.49,62.63,7.52,74.85,.079,,21.6,,21.6,1.335,,,,,,,,,,,,,,,,,,,2004,"",2018-02-23,"126144","",2010-09-09,"10854"
"237624835010854","20226892010478",2006,12,39,41,2,1,"MIN_1","BD",1,2004-06-04,"UMO","2004-12-107",327.51,296.85,295.93,10.33,.31,10.67,1.63,3.5,.55,.02,.57,0,4.95,4.38,2,4,1,5,26,.34,4.3,1.9,0,0,.2,.2,.1,2.8,92.8,,2004,"",2018-02-23,"126144","",2010-09-09,"10854"
"237624836010854","20226892010478",2006,12,39,41,2,1,"MIN_2","BD",1,2004-06-04,"UMO","2004-12-108",336.22,309.56,308.78,8.61,.25,8.89,1.71,2.3,.41,.01,.42,0,5.11,4.57,1,2,1,1,20,.25,3.7,1.2,0,0,.3,.1,.5,3.9,31.7,,2004,"",2018-02-23,"126144","",2010-09-09,"10854"
"237624834010854","20226892010478",2006,12,39,41,3,1,"FF_TOTAL","SF",1,2004-06-04,"UMO","2004-12-110",237.83,152.74,148.8,55.71,2.65,59.83,,,14.8,,14.8,.572,,,,,,,,,,,,,,,,,,,2004,"",2018-02-23,"126144","",2010-09-09,"10854"
"237624881010854","20227587010478",2006,12,45,60,2,1,"FF_TOTAL","SF",1,2004-05-19,"UMO","2004-12-039",78.98,54.94,51.08,43.76,7.56,54.62,.069,,21.5,,21.5,.899,,,,,,,,,,,,,,,,,,,2004,"",2018-02-23,"126144","",2010-09-09,"10854"
"237624815010854","20227587010478",2006,12,45,60,2,1,"MIN_1","BD",1,2004-05-19,"UMO","2004-12-037",254.28,226.69,224.95,12.17,.77,13.04,1.24,.3,2.08,.07,2.15,.125,5,4.42,6,21,41,329,49,2.6,3.2,7.8,0,0,3.1,.5,1.3,6.8,8.9,,2004,"",2018-02-23,"126144","",2010-09-09,"10854"
"237624816010854","20227587010478",2006,12,45,60,2,1,"MIN_2","BD",1,2004-05-19,"UMO","2004-12-038",303.72,279.07,277.5,8.83,.57,9.45,1.53,.1,1.03,.02,1.05,.047,5.15,4.47,5,8,30,78,41,1.13,.2,5.3,.5,0,6.3,.7,.5,4.3,7,,2004,"",2018-02-23,"126144","",2010-09-09,"10854"
"237624813010854","20227587010478",2006,12,45,60,3,1,"FF_TOTAL","SF",1,2004-05-19,"UMO","2004-12-040",127.21,82.43,79.07,54.32,4.25,60.88,.19,,16,,16,.529,,,,,,,,,,,,,,,,,,,2004,"",2018-02-23,"126144","",2010-09-09,"10854"
"237624814010854","20227587010478",2006,12,45,60,4,1,"FF_TOTAL","SF",1,2004-05-19,"UMO","2004-12-041",208.19,123.11,116.01,69.11,6.12,79.46,.046,,32.2,,32.2,1.119,,,,,,,,,,,,,,,,,,,2004,"",2018-02-23,"126144","",2010-09-09,"10854"
"237624884010854","20227902010478",2006,12,47,38,2,1,"L_ORG","SF",1,2004-05-27,"UMO","2004-12-070",62.9,51.46,46.7,22.23,10.2,34.69,.013,,46.1,,46.1,1.358,,,,,,,,,,,,,,,,,,,2004,"",2018-02-23,"126144","",2010-09-09,"10854"
"237624828010854","20227902010478",2006,12,47,38,2,1,"ORG_1","O",1,2004-05-27,"UMO","2004-12-068",109.87,16.92,15.05,549.35,12.41,630.03,,10.8,41.65,.75,42.4,2.381,4.75,4.46,97,135,2081,5639,10,46.13,47.6,3,.6,0,2.4,1,0,52.2,24.9,,2004,"",2018-02-23,"126144","",2010-09-09,"10854"
"237624829010854","20227902010478",2006,12,47,38,2,1,"ORG_2","O",1,2004-05-27,"UMO","2004-12-069",147.92,19.86,19.86,644.81,,644.81,,,44.61,.79,45.4,2.071,4.93,4.51,85,53,1781,5095,10,40.69,24.9,2,.3,0,1.4,1,0,42.8,12.2,,2004,"",2018-02-23,"126144","",2010-09-09,"10854"
"237624826010854","20227902010478",2006,12,47,38,3,1,"L_ORG","SF",1,2004-05-27,"UMO","2004-12-071",182.42,165.04,152.18,10.53,8.45,19.87,.014,,46.1,,46.1,1.087,,,,,,,,,,,,,,,,,,,2004,"",2018-02-23,"126144","",2010-09-09,"10854"
"237624827010854","20227902010478",2006,12,47,38,4,1,"L_ORG","SF",1,2004-05-27,"UMO","2004-12-072",79.01,76.16,69.2,3.74,10.06,14.18,.021,,43.6,,43.6,1.326,,,,,,,,,,,,,,,,,,,2004,"",2018-02-23,"126144","",2010-09-09,"10854"
"237624771010854","20230138010478",2006,12,59,38,2,1,"FF_TOTAL","SF",1,2004-05-13,"UMO","2004-12-012",171.68,113.95,105.76,50.66,7.74,62.33,.163,,19.2,,19.2,.867,,,,,,,,,,,,,,,,,,,2004,"",2018-02-23,"126144","",2010-09-09,"10854"
"237624774010854","20230138010478",2006,12,59,38,2,1,"MIN_1","BD",1,2004-05-13,"UMO","2004-12-010",277.81,218.83,215.84,26.95,1.38,28.71,1.19,1.5,2.78,.01,2.79,.115,4.78,4.21,5,25,29,152,106,2.26,4.7,7.5,.6,0,.4,.3,1.3,10.6,4.8,,2004,"",2018-02-23,"126144","",2010-09-09,"10854"
"237624775010854","20230138010478",2006,12,59,38,2,1,"MIN_2","BD",1,2004-05-13,"UMO","2004-12-011",330.38,282.83,280.67,16.81,.77,17.71,1.55,.5,1.03,.1,1.13,.041,4.78,4.23,2,6,5,17,69,.92,2.7,4.7,0,0,.1,.4,.5,7.1,2.1,,2004,"",2018-02-23,"126144","",2010-09-09,"10854"
"237624772010854","20230138010478",2006,12,59,38,3,1,"FF_TOTAL","SF",1,2004-05-13,"UMO","2004-12-013",147.54,111.82,106.69,31.94,4.81,38.29,.144,,39.4,,39.4,.767,,,,,,,,,,,,,,,,,,,2004,"",2018-02-23,"126144","",2010-09-09,"10854"
"237624773010854","20230138010478",2006,12,59,38,4,1,"FF_TOTAL","SF",1,2004-05-13,"UMO","2004-12-014",119.71,63.47,59.38,88.61,6.9,101.6,.067,,29.1,,29.1,1.099,,,,,,,,,,,,,,,,,,,2004,"",2018-02-23,"126144","",2010-09-09,"10854"
"237624844010854","20230488010478",2006,12,63,63,3,1,"FF_TOTAL","SF",1,2004-05-18,"UMO","2004-12-030",1118.82,597.58,576.66,87.23,3.63,94.02,.092,,28.5,,28.5,1.071,,,,,,,,,,,,,,,,,,,2004,"",2018-02-23,"126144","",2010-09-09,"10854"
"237624845010854","20230488010478",2006,12,63,63,4,1,"FF_TOTAL","SF",1,2004-05-18,"UMO","2004-12-031",387.06,214.91,207.32,80.1,3.66,86.7,.067,,26.7,,26.7,1.326,,,,,,,,,,,,,,,,,,,2004,"",2018-02-23,"126144","",2010-09-09,"10854"
"237624883010854","20230632010478",2006,12,67,43,2,1,"FF_TOTAL","SF",1,2004-06-02,"UMO","2004-12-099",697.36,467.97,278.16,49.02,68.24,150.7,.041,,32.7,,32.7,2.675,,,,,,,,,,,,,,,,,,,2004,"",2018-02-23,"126144","",2010-09-09,"10854"
"237624824010854","20230632010478",2006,12,67,43,2,1,"MIN_1","BD",1,2004-06-02,"UMO","2004-12-097",308.47,287.27,285.39,7.38,.66,8.09,1.58,3.5,1.62,.06,1.68,0,3.57,3.02,5,10,16,55,44,.94,.3,4.1,0,0,.3,.1,.3,5.1,3,,2004,"",2018-02-23,"126144","",2010-09-09,"10854"
"237624825010854","20230632010478",2006,12,67,43,2,1,"MIN_2","BD",1,2004-06-02,"UMO","2004-12-098",334.76,320.11,319.69,4.58,.13,4.71,1.77,.3,.28,.01,.29,0,4.27,3.65,1,1,1,3,20,.25,.1,2,.6,0,0,0,.4,1,2.3,,2004,"",2018-02-23,"126144","",2010-09-09,"10854"
"237624822010854","20230632010478",2006,12,67,43,3,1,"FF_TOTAL","SF",1,2004-06-02,"UMO","2004-12-100",415.8,256.57,240.61,62.06,6.63,72.81,.038,,48.6,,48.6,.804,,,,,,,,,,,,,,,,,,,2004,"",2018-02-23,"126144","",2010-09-09,"10854"
"237624823010854","20230632010478",2006,12,67,43,4,1,"FF_TOTAL","SF",1,2004-06-02,"UMO","2004-12-101",7.97,7.24,7.24,10.08,,10.08,.039,,38.7,,38.7,.741,,,,,,,,,,,,,,,,,,,2004,"",2018-02-23,"126144","",2010-09-09,"10854"
"237624890010854","20231060010478",2006,12,71,98,2,1,"FF_TOTAL","SF",1,2004-05-20,"UMO","2004-12-048",1513.06,687.75,625.69,120,9.92,141.82,.054,,20.8,,20.8,1.199,,,,,,,,,,,,,,,,,,,2004,"",2018-02-23,"126144","",2010-09-09,"10854"
"237624856010854","20231060010478",2006,12,71,98,2,1,"MIN_1","O",1,2004-05-20,"UMO","2004-12-047",89.08,69.48,69.37,28.21,.16,28.41,,1.4,.76,.13,.89,.001,5.6,5.19,423,21,175,217,2,4.44,0,.4,0,0,.1,.5,0,32.2,.9,,2004,"",2018-02-23,"126144","",2010-09-09,"10854"
"237624855010854","20231060010478",2006,12,71,98,4,1,"FF_TOTAL","SF",1,2004-05-20,"UMO","2004-12-049",49.35,32.99,30.27,49.59,8.98,63.03,.015,,43.2,,43.2,1.033,,,,,,,,,,,,,,,,,,,2004,"",2018-02-23,"126144","",2010-09-09,"10854"
"237624807010854","20231996010478",2006,12,75,121,2,1,"FF_TOTAL","SF",1,2004-06-04,"UMO","2004-12-123",35.31,16.92,15.35,108.69,10.23,130.03,,,44.1,,44.1,1.141,,,,,,,,,,,,,,,,,,,2004,"",2018-02-23,"126144","",2010-09-09,"10854"
"237624808010854","20231996010478",2006,12,75,121,4,1,"FF_TOTAL","SF",1,2004-06-04,"UMO","2004-12-124",109.29,45.69,39.52,139.2,15.6,176.54,.041,,43.2,,43.2,1.214,,,,,,,,,,,,,,,,,,,2004,"",2018-02-23,"126144","",2010-09-09,"10854"
"237624849010854","20233384010478",2006,12,91,77,2,1,"FF_TOTAL","SF",1,2004-05-11,"UMO","2004-12-007",688.77,660.92,637.2,4.21,3.72,8.09,.174,,26.3,,26.3,.492,,,,,,,,,,,,,,,,,,,2004,"",2018-02-23,"126144","",2010-09-09,"10854"
"237624764010854","20233384010478",2006,12,91,77,2,1,"MIN_1","BD",1,2004-05-11,"UMO","2004-12-005",280.64,269.19,265.19,4.25,1.51,5.83,1.47,2.4,.49,.01,.5,.003,4.93,4.42,1,3,2,10,19,.29,4,2.6,0,0,.1,.2,.4,4.8,2.4,,2004,"",2018-02-23,"126144","",2010-09-09,"10854"
"237624765010854","20233384010478",2006,12,91,77,2,1,"MIN_2","BD",1,2004-05-11,"UMO","2004-12-006",279.91,268.16,267.4,4.38,.29,4.68,1.48,.3,.32,.03,.35,0,5.25,4.73,2,3,5,22,17,.36,.7,3.4,0,0,0,.5,.1,4.5,2.7,,2004,"",2018-02-23,"126144","",2010-09-09,"10854"
"237624850010854","20233384010478",2006,12,91,77,3,1,"FF_TOTAL","SF",1,2004-05-11,"UMO","2004-12-008",811.17,715.98,674.34,13.3,6.18,20.29,.132,,40.7,,40.7,.265,,,,,,,,,,,,,,,,,,,2004,"",2018-02-23,"126144","",2010-09-09,"10854"
"237624763010854","20233384010478",2006,12,91,77,4,1,"FF_TOTAL","SF",1,2004-05-11,"UMO","2004-12-009",744.01,709.92,671.82,4.8,5.67,10.75,.22,,20,,20,.396,,,,,,,,,,,,,,,,,,,2004,"",2018-02-23,"126144","",2010-09-09,"10854"
"237624766010854","20218604010478",2006,12,91,80,2,1,"FF_TOTAL","SF",1,2004-05-21,"UMO","2004-12-022",58.8,57.77,51.24,1.78,12.74,14.75,.037,,46.4,,46.4,.617,,,,,,,,,,,,,,,,,,,2004,"",2018-02-23,"126144","",2010-09-09,"10854"
"237624769010854","20218604010478",2006,12,91,80,2,1,"MIN_1","BD",1,2004-05-21,"UMO","2004-12-020",258.45,248.44,247.05,4.03,.56,4.61,1.36,3.8,.6,.04,.64,.04,4.76,4.24,1,5,3,21,23,.4,6.2,2.5,.4,0,.2,.4,.1,4.1,3.3,,2004,"",2018-02-23,"126144","",2010-09-09,"10854"
"237624770010854","20218604010478",2006,12,91,80,2,1,"MIN_2","BD",1,2004-05-21,"UMO","2004-12-021",275.77,265.91,265.24,3.71,.25,3.97,1.47,1.8,.28,.05,.33,0,5.22,4.68,0,4,4,36,17,.41,3.7,2.5,.2,0,.1,.5,0,7,3,,2004,"",2018-02-23,"126144","",2010-09-09,"10854"
"237624767010854","20218604010478",2006,12,91,80,3,1,"FF_TOTAL","SF",1,2004-05-21,"UMO","2004-12-023",26.4,26.06,23.51,1.3,10.83,12.29,.063,,35.8,,35.8,.972,,,,,,,,,,,,,,,,,,,2004,"",2018-02-23,"126144","",2010-09-09,"10854"
"237624768010854","20218604010478",2006,12,91,80,4,1,"FF_TOTAL","SF",1,2004-05-21,"UMO","2004-12-024",79.82,77.55,70.3,2.93,10.31,13.54,.19,,43.8,,43.8,.984,,,,,,,,,,,,,,,,,,,2004,"",2018-02-23,"126144","",2010-09-09,"10854"
"237624893010854","20219125010478",2006,12,95,78,2,1,"L_ORG","SF",1,2004-05-27,"UMO","2004-12-094",436.56,155.07,136.38,181.52,13.7,220.11,.043,,44.4,,44.4,2.619,,,,,,,,,,,,,,,,,,,2004,"",2018-02-23,"126144","",2010-09-09,"10854"
"237624872010854","20219125010478",2006,12,95,78,2,1,"ORG_1","BD",1,2004-05-27,"UMO","2004-12-092",45.3,11.83,10.99,282.92,7.66,312.19,.06,0,43.69,1.11,44.8,2.589,3.61,3.28,78,117,168,1893,708,19.34,3,186.6,0,0,3.3,.3,.9,150.3,4.6,,2004,"",2018-02-23,"126144","",2010-09-09,"10854"
"237624873010854","20219125010478",2006,12,95,78,2,1,"ORG_2","BD",1,2004-05-27,"UMO","2004-12-093",156.44,39.48,36.89,296.25,7.02,324.07,.2,12.1,46.53,1.27,47.8,2.739,3.85,3.48,81,78,163,1482,516,15.03,1.9,44,.7,0,1.2,0,.6,101.7,4.5,,2004,"",2018-02-23,"126144","",2010-09-09,"10854"
"237624870010854","20219125010478",2006,12,95,78,3,1,"L_ORG","SF",1,2004-05-27,"UMO","2004-12-095",965.42,299.03,268.69,222.85,11.29,259.31,.026,,43.7,,43.7,1.713,,,,,,,,,,,,,,,,,,,2004,"",2018-02-23,"126144","",2010-09-09,"10854"
"237624871010854","20219125010478",2006,12,95,78,4,1,"L_ORG","SF",1,2004-05-27,"UMO","2004-12-096",1247.86,341.52,312.9,265.38,9.15,298.8,.017,,43.8,,43.8,2.172,,,,,,,,,,,,,,,,,,,2004,"",2018-02-23,"126144","",2010-09-09,"10854"
"237624865010854","20221034010478",2006,12,105,150,2,1,"FF_TOTAL","SF",1,2004-05-18,"UMO","2004-12-079",25.94,25.69,25.69,.97,0,.97,.01,,40.6,,40.6,.697,,,,,,,,,,,,,,,,,,,2004,"",2018-02-23,"126144","",2010-09-09,"10854"
"237624868010854","20221034010478",2006,12,105,150,2,1,"MIN_1","BD",1,2004-05-18,"UMO","2004-12-077",312.7,307.25,306.08,1.77,.38,2.16,1.69,.7,.72,.06,.78,.01,4.35,3.61,5,5,3,19,15,.32,.2,3.7,0,0,.2,0,.5,3,1.7,,2004,"",2018-02-23,"126144","",2010-09-09,"10854"
"237624869010854","20221034010478",2006,12,105,150,2,1,"MIN_2","BD",1,2004-05-18,"UMO","2004-12-078",339.33,333.32,332.9,1.8,.13,1.93,1.84,.1,.34,.06,.4,0,4.64,3.84,3,3,1,5,9,.15,.1,2,.8,0,.2,.1,1.4,3.2,1.3,,2004,"",2018-02-23,"126144","",2010-09-09,"10854"
"237624866010854","20221034010478",2006,12,105,150,3,1,"FF_TOTAL","SF",1,2004-05-18,"UMO","2004-12-080",74.86,73.4,71.72,1.99,2.34,4.38,.041,,37.6,,37.6,1.098,,,,,,,,,,,,,,,,,,,2004,"",2018-02-23,"126144","",2010-09-09,"10854"
"237624867010854","20221034010478",2006,12,105,150,4,1,"FF_TOTAL","SF",1,2004-05-18,"UMO","2004-12-081",161.03,153.07,143.92,5.2,6.36,11.89,.094,,41.1,,41.1,1.166,,,,,,,,,,,,,,,,,,,2004,"",2018-02-23,"126144","",2010-09-09,"10854"
"237624876010854","20221309010478",2006,12,107,56,2,1,"FF_TOTAL","SF",1,2004-06-09,"UMO","2004-12-137",340.85,181.66,168.51,87.63,7.8,102.27,.104,,36.7,,36.7,1.094,,,,,,,,,,,,,,,,,,,2004,"",2018-02-23,"126144","",2010-09-09,"10854"
"237624877010854","20221309010478",2006,12,107,56,2,1,"MIN_1","BD",1,2004-06-09,"UMO","2004-12-135",253.1,220.28,218.53,14.9,.8,15.82,1.21,10,1.56,.1,1.66,.088,4.18,3.55,3,5,10,94,50,1.13,.5,5,0,0,.3,.1,.7,4.6,2.2,,2004,"",2018-02-23,"126144","",2010-09-09,"10854"
"237624799010854","20221309010478",2006,12,107,56,2,1,"MIN_2","BD",1,2004-06-09,"UMO","2004-12-136",290.25,266.26,265.92,9.01,.13,9.15,1.47,.4,.45,.07,.52,.039,4.55,3.87,2,1,4,50,26,.58,.2,1.8,.4,0,.1,0,.5,2,1.2,,2004,"",2018-02-23,"126144","",2010-09-09,"10854"
"237624795010854","20221309010478",2006,12,107,56,3,1,"FF_TOTAL","SF",1,2004-06-09,"UMO","2004-12-138",607.05,316.57,289.4,91.76,9.39,109.76,.016,,47.3,,47.3,.75,,,,,,,,,,,,,,,,,,,2004,"",2018-02-23,"126144","",2010-09-09,"10854"
"237624798010854","20221309010478",2006,12,107,56,4,1,"FF_TOTAL","SF",1,2004-06-09,"UMO","2004-12-139",105.01,95.04,86.48,10.49,9.89,21.43,.047,,19,,19,.437,,,,,,,,,,,,,,,,,,,2004,"",2018-02-23,"126144","",2010-09-09,"10854"
"237624762010854","20221836010478",2006,12,113,96,2,1,"FF_TOTAL","SF",1,2004-05-24,"UMO","2004-12-075",316.95,281.45,260.62,12.61,7.99,21.61,.065,,39.6,,39.6,.653,,,,,,,,,,,,,,,,,,,2004,"",2018-02-23,"126144","",2010-09-09,"10854"
"237624779010854","20221836010478",2006,12,113,96,2,1,"MIN_1","BD",1,2004-05-24,"UMO","2004-12-073",311.51,285.06,283.73,9.28,.47,9.79,1.57,1,.68,0,.68,.006,4.88,4.37,2,5,7,27,34,.59,3.8,3,.4,0,2.2,.3,.4,9,1.3,,2004,"",2018-02-23,"126144","",2010-09-09,"10854"
"237624780010854","20221836010478",2006,12,113,96,2,1,"MIN_2","BD",1,2004-05-24,"UMO","2004-12-074",284.42,253.31,251.14,12.28,.87,13.25,1.39,5.1,1.68,.08,1.76,.027,4.74,4.15,3,12,13,77,50,1.09,8.3,4.8,0,0,.9,.1,.5,6.5,1.7,,2004,"",2018-02-23,"126144","",2010-09-09,"10854"
"237624778010854","20221836010478",2006,12,113,96,3,1,"FF_TOTAL","SF",1,2004-05-24,"UMO","2004-12-076",130.36,117.48,115.09,10.96,2.08,13.27,.043,,21.8,,21.8,.806,,,,,,,,,,,,,,,,,,,2004,"",2018-02-23,"126144","",2010-09-09,"10854"
"237624878010854","20223337010478",2006,12,121,43,2,1,"FF_TOTAL","SF",1,2004-06-01,"UMO","2004-12-113",193.74,169.6,161.41,14.23,5.07,20.03,.194,,20.4,,20.4,.491,,,,,,,,,,,,,,,,,,,2004,"",2018-02-23,"126144","",2010-09-09,"10854"
"237624879010854","20223337010478",2006,12,121,43,2,1,"MIN_1","BD",1,2004-06-01,"UMO","2004-12-111",205.78,193.48,191.76,6.36,.9,7.31,1.06,1.2,2.98,.03,3.01,.224,6.42,6.01,12,27,45,2253,8,11.82,10.7,6.1,.5,0,.1,0,0,7.7,,6.2,2004,"",2018-02-23,"126144","",2010-09-09,"10854"
"237624806010854","20223337010478",2006,12,121,43,2,1,"MIN_2","BD",1,2004-06-01,"UMO","2004-12-112",238.16,228.33,226.88,4.31,.64,4.97,1.25,.4,1.02,.09,1.11,.051,7.33,6.72,5,10,12,1065,6,5.53,3.1,5.5,.3,0,.4,0,0,4.6,,3,2004,"",2018-02-23,"126144","",2010-09-09,"10854"
"237624804010854","20223337010478",2006,12,121,43,3,1,"FF_TOTAL","SF",1,2004-06-01,"UMO","2004-12-114",182.14,162.4,148.79,12.16,9.15,22.41,.051,,41.2,,41.2,1.019,,,,,,,,,,,,,,,,,,,2004,"",2018-02-23,"126144","",2010-09-09,"10854"
"237624805010854","20223337010478",2006,12,121,43,4,1,"FF_TOTAL","SF",1,2004-06-01,"UMO","2004-12-115",227.02,203.04,188.42,11.81,7.76,20.49,.078,,31.9,,31.9,1.115,,,,,,,,,,,,,,,,,,,2004,"",2018-02-23,"126144","",2010-09-09,"10854"
"237624880010854","20223419010478",2006,12,123,100,2,1,"L_ORG","SF",1,2004-05-20,"UMO","2004-12-017",2165.82,845.51,775.7,156.16,9,179.21,.171,,48.4,,48.4,1.294,,,,,,,,,,,,,,,,,,,2004,"",2018-02-23,"126144","",2010-09-09,"10854"
"237624811010854","20223419010478",2006,12,123,100,2,1,"ORG_1","O",1,2004-05-20,"UMO","2004-12-015",85.46,18.92,16.38,351.69,15.49,421.73,,6.7,42,1.7,43.7,2.104,3.61,3.09,81,182,294,2237,168,16.27,4.6,15.3,.7,0,3.1,1,0,43.8,103.6,,2004,"",2018-02-23,"126144","",2010-09-09,"10854"
"237624812010854","20223419010478",2006,12,123,100,2,1,"ORG_2","O",1,2004-05-20,"UMO","2004-12-016",101.05,20.53,19.19,392.21,6.97,426.58,,4.3,44.67,2.73,47.4,2.077,3.51,3,85,151,346,2681,222,19.45,4.5,11.7,0,0,2.8,.6,1,55.7,49.6,,2004,"",2018-02-23,"126144","",2010-09-09,"10854"
"237624809010854","20223419010478",2006,12,123,100,3,1,"L_ORG","SF",1,2004-05-20,"UMO","2004-12-018",1077.85,307.69,285.53,250.3,7.76,277.49,.047,,48.3,,48.3,1.664,,,,,,,,,,,,,,,,,,,2004,"",2018-02-23,"126144","",2010-09-09,"10854"
"237624810010854","20223419010478",2006,12,123,100,4,1,"L_ORG","SF",1,2004-05-20,"UMO","2004-12-019",212.03,148.63,137.46,42.66,8.12,54.25,.027,,45,,45,1.402,,,,,,,,,,,,,,,,,,,2004,"",2018-02-23,"126144","",2010-09-09,"10854"
"237624782010854","20223805010478",2006,12,127,97,2,1,"FF_TOTAL","SF",1,2004-06-02,"UMO","2004-12-142",1495.79,954.93,895.79,56.64,6.6,66.98,.083,,39.8,,39.8,1.458,,,,,,,,,,,,,,,,,,,2004,"",2018-02-23,"126144","",2010-09-09,"10854"
"237624874010854","20223805010478",2006,12,127,97,2,1,"MIN_1","BD",1,2004-06-02,"UMO","2004-12-140",212.72,197.15,195.65,7.9,.77,8.72,1.08,1,1.82,.04,1.86,.146,4.71,4.22,70,8,27,759,17,4.52,.2,1.3,.2,0,.2,.1,0,14,2.2,,2004,"",2018-02-23,"126144","",2010-09-09,"10854"
"237624785010854","20223805010478",2006,12,127,97,2,1,"MIN_2","BD",1,2004-06-02,"UMO","2004-12-141",183.81,183.05,183,.42,.03,.44,1.01,1.3,.2,.04,.24,.001,5.31,4.68,13,1,4,112,6,.72,0,1.4,.1,0,0,.3,0,3.1,.9,,2004,"",2018-02-23,"126144","",2010-09-09,"10854"
"237624783010854","20223805010478",2006,12,127,97,3,1,"FF_TOTAL","SF",1,2004-06-02,"UMO","2004-12-143",618.53,394.4,361.65,56.83,9.06,71.03,.082,,33.6,,33.6,2.142,,,,,,,,,,,,,,,,,,,2004,"",2018-02-23,"126144","",2010-09-09,"10854"
"237624784010854","20223805010478",2006,12,127,97,4,1,"FF_TOTAL","SF",1,2004-06-02,"UMO","2004-12-144",389.01,287.48,269.78,35.32,6.56,44.2,.052,,21.7,,21.7,1.353,,,,,,,,,,,,,,,,,,,2004,"",2018-02-23,"126144","",2010-09-09,"10854"
"237624894010854","20223779010478",2006,12,127,103,2,1,"FF_TOTAL","SF",1,2004-06-08,"UMO","2004-12-147",355.51,195.46,185.74,81.88,5.23,91.4,.048,,20.4,,20.4,1.277,,,,,,,,,,,,,,,,,,,2004,"",2018-02-23,"126144","",2010-09-09,"10854"
"237624797010854","20223779010478",2006,12,127,103,2,1,"MIN_1","O",1,2004-06-08,"UMO","2004-12-145",257.89,205.86,202.57,25.27,1.62,27.31,,2,2.25,0,2.25,.143,4.4,3.64,7,8,27,156,19,1.26,.3,3.4,0,0,.3,.4,0,5.7,1.9,,2004,"",2018-02-23,"126144","",2010-09-09,"10854"
"237624781010854","20223779010478",2006,12,127,103,2,1,"MIN_2","O",1,2004-06-08,"UMO","2004-12-146",298.09,265.61,265.4,12.23,.08,12.32,,.4,.31,.01,.32,.018,4.63,3.96,2,1,3,16,5,.17,0,.5,.5,0,0,0,.4,2.8,.5,,2004,"",2018-02-23,"126144","",2010-09-09,"10854"
"237624851010854","20223779010478",2006,12,127,103,3,1,"FF_TOTAL","SF",1,2004-06-08,"UMO","2004-12-148",266.76,169.25,159.05,57.61,6.41,67.72,.042,,19.5,,19.5,1.16,,,,,,,,,,,,,,,,,,,2004,"",2018-02-23,"126144","",2010-09-09,"10854"
"237624796010854","20223779010478",2006,12,127,103,4,1,"FF_TOTAL","SF",1,2004-06-08,"UMO","2004-12-149",198.16,123.49,118.35,60.47,4.34,67.44,.026,,17.7,,17.7,1.473,,,,,,,,,,,,,,,,,,,2004,"",2018-02-23,"126144","",2010-09-09,"10854"
"237624885010854","20224029010478",2006,12,129,54,2,1,"FF_TOTAL","SF",1,2004-06-03,"UMO","2004-12-104",1073.51,428.54,374.28,150.5,14.5,186.82,.094,,47.3,,47.3,.336,,,,,,,,,,,,,,,,,,,2004,"",2018-02-23,"126144","",2010-09-09,"10854"
"237624832010854","20224029010478",2006,12,129,54,2,1,"MIN_1","BD",1,2004-06-03,"UMO","2004-12-102",268.55,180.76,179.36,48.57,.78,49.73,.99,3.7,3.1,.04,3.14,.04,3.81,3.25,4,8,3,4,125,1.47,.2,3.6,.2,0,.2,.2,.5,2.9,2,,2004,"",2018-02-23,"126144","",2010-09-09,"10854"
"237624833010854","20224029010478",2006,12,129,54,2,1,"MIN_2","BD",1,2004-06-03,"UMO","2004-12-103",259.22,220.8,219.43,17.4,.62,18.13,1.21,.2,.75,.05,.8,0,4.69,4.09,1,1,0,1,32,.37,.1,.6,.1,0,.1,.1,.2,.8,1.7,,2004,"",2018-02-23,"126144","",2010-09-09,"10854"
"237624830010854","20224029010478",2006,12,129,54,3,1,"FF_TOTAL","SF",1,2004-06-03,"UMO","2004-12-105",587.58,251.23,227.01,133.88,10.67,158.83,.049,,47.7,,47.7,1.187,,,,,,,,,,,,,,,,,,,2004,"",2018-02-23,"126144","",2010-09-09,"10854"
"237624831010854","20224029010478",2006,12,129,54,4,1,"FF_TOTAL","SF",1,2004-06-03,"UMO","2004-12-106",1233.67,275.03,244.99,348.56,12.26,403.56,.064,,46.9,,46.9,1.11,,,,,,,,,,,,,,,,,,,2004,"",2018-02-23,"126144","",2010-09-09,"10854"
"237624846010854","20224497010478",2006,12,131,82,2,1,"FF_TOTAL","SF",1,2004-05-20,"UMO","2004-12-027",99.52,79.44,70.34,25.28,12.93,41.48,.034,,7.49,,7.49,.845,,,,,,,,,,,,,,,,,,,2004,"",2018-02-23,"126144","",2010-09-09,"10854"
"237624848010854","20224497010478",2006,12,131,82,2,1,"MIN_1","BD",1,2004-05-20,"UMO","2004-12-025",255.47,241.6,240.02,5.74,.66,6.44,1.33,.8,1.19,.08,1.27,.012,4,3.47,2,6,3,18,29,.46,1.5,8.2,.5,0,.4,.5,.4,3.6,2.8,,2004,"",2018-02-23,"126144","",2010-09-09,"10854"
"237624889010854","20224497010478",2006,12,131,82,2,1,"MIN_2","BD",1,2004-05-20,"UMO","2004-12-026",320.38,300.14,299.14,6.74,.33,7.1,1.65,.6,.57,.04,.61,0,4.82,4.4,1,2,1,10,25,.35,1,3.1,0,0,.2,.2,.5,4.7,2.9,,2004,"",2018-02-23,"126144","",2010-09-09,"10854"
"237624847010854","20224497010478",2006,12,131,82,4,1,"FF_TOTAL","SF",1,2004-05-20,"UMO","2004-12-029",109.85,89.84,82.04,22.27,9.5,33.9,.084,,27,,27,.555,,,,,,,,,,,,,,,,,,,2004,"",2018-02-23,"126144","",2010-09-09,"10854"
"237624840010854","20224798010478",2006,12,133,47,2,1,"FF_TOTAL","SF",1,2004-05-17,"UMO","2004-12-034",93.5,66.46,63.75,40.69,4.26,46.67,.049,,22.8,,22.8,.395,,,,,,,,,,,,,,,,,,,2004,"",2018-02-23,"126144","",2010-09-09,"10854"
"237624842010854","20224798010478",2006,12,133,47,2,1,"MIN_1","BD",1,2004-05-17,"UMO","2004-12-032",296.62,274.88,273.49,7.91,.51,8.46,1.51,.7,.77,.05,.82,.011,4.9,4.33,1,5,3,32,22,.45,6,1.9,.1,0,.2,.1,.6,5.8,3.7,,2004,"",2018-02-23,"126144","",2010-09-09,"10854"
"237624843010854","20224798010478",2006,12,133,47,2,1,"MIN_2","BD",1,2004-05-17,"UMO","2004-12-033",307.89,287.6,287.08,7.05,.18,7.25,1.59,.2,.44,.05,.49,0,5.11,4.6,1,2,1,9,17,.25,1,2,.3,0,0,.4,0,1.8,2.7,,2004,"",2018-02-23,"126144","",2010-09-09,"10854"
"237624841010854","20224798010478",2006,12,133,47,3,1,"FF_TOTAL","SF",1,2004-05-17,"UMO","2004-12-035",73.26,62.3,60.57,17.59,2.85,20.95,.065,,13.4,,13.4,.325,,,,,,,,,,,,,,,,,,,2004,"",2018-02-23,"126144","",2010-09-09,"10854"
"237624888010854","20224798010478",2006,12,133,47,4,1,"FF_TOTAL","SF",1,2004-05-17,"UMO","2004-12-036",136.71,100.24,97.78,36.38,2.51,39.81,.092,,13.5,,13.5,.425,,,,,,,,,,,,,,,,,,,2004,"",2018-02-23,"126144","",2010-09-09,"10854"
"237624953010854","140571206010478",2007,12,5,88,2,1,"FF_TOTAL","SF",1,2006-06-23,"GRFSL","06-12-004",196.88,148.18,137.27,32.87,7.95,43.43,.156,,44.77,,44.77,.85,,,,,,,,,,,,,,,,,,,2006,"",2018-02-23,"126144","",2010-09-09,"10854"
"237624954010854","140571206010478",2007,12,5,88,2,1,"MIN_1","BD",1,2006-06-23,"GRFSL","06-12-005",236.48,220.13,183.88,7.43,19.71,28.6,1.02,.88,3.67,,3.67,.05,4.23,3.43,33,25,13,10,208,2.68,0,14.9,.1,0,.6,0,.5,9.7,13.3,,2006,"",2018-02-23,"126144","",2010-09-09,"10854"
"237624955010854","140571206010478",2007,12,5,88,2,1,"MIN_2","BD",1,2006-06-23,"GRFSL","06-12-006",288.15,271.53,248.28,6.12,9.37,16.06,1.38,.03,1.13,,1.13,.01,4.48,4.19,6,2,1,2,90,1.05,0,4,0,0,.2,0,.2,3.3,4,,2006,"",2018-02-23,"126144","",2010-09-09,"10854"
"237624956010854","140573793010478",2007,12,13,55,2,1,"FF_TOTAL","SF",1,2006-07-06,"GRFSL","06-12-022",247.84,159.38,148.97,55.5,6.99,66.37,.643,,43.3,,43.3,.7,,,,,,,,,,,,,,,,,,,2006,"",2018-02-23,"126144","",2010-09-09,"10854"
"237624988010854","140573793010478",2007,12,13,55,2,1,"MIN_1","BD",1,2006-07-06,"GRFSL","06-12-023",208.98,194.41,193.54,7.49,.45,7.98,1.08,.38,2.99,,2.99,.04,4.42,3.56,10,12,9,19,73,1.06,.9,8.8,0,0,.3,0,.4,5.6,3.2,,2006,"",2018-02-23,"126144","",2010-09-09,"10854"
"237624957010854","140573793010478",2007,12,13,55,2,1,"MIN_2","BD",1,2006-07-06,"GRFSL","06-12-024",335.42,299.61,296.41,11.95,1.08,13.16,1.65,.38,1.18,,1.18,0,4.68,4.2,10,8,4,3,45,.61,0,8.3,0,.3,.4,0,.2,4.7,2.3,,2006,"",2018-02-23,"126144","",2010-09-09,"10854"
"237624908010854","140575577010478",2007,12,17,71,2,1,"FF_TOTAL","SF",1,2006-07-17,"GRFSL","06-12-037",38.93,37.5,35.47,3.81,5.73,9.76,.109,,39.22,,39.22,.36,,,,,,,,,,,,,,,,,,,2006,"",2018-02-23,"126144","",2010-09-09,"10854"
"237624909010854","140575577010478",2007,12,17,71,2,1,"MIN_1","BD",1,2006-07-17,"GRFSL","06-12-038",264.4,255.82,255.08,3.35,.29,3.65,1.42,.14,1.25,,1.25,0,5.08,4.63,9,5,4,17,36,.57,0,3.3,0,0,.8,0,.1,3.3,8.6,,2006,"",2018-02-23,"126144","",2010-09-09,"10854"
"237624910010854","140575577010478",2007,12,17,71,2,1,"MIN_2","BD",1,2006-07-17,"GRFSL","06-12-039",261.08,251.5,250.91,3.81,.23,4.05,1.39,.29,.78,,.78,0,4.83,4.56,11,3,1,2,20,.3,0,2.4,0,.1,.1,0,0,3.4,15.8,,2006,"",2018-02-23,"126144","",2010-09-09,"10854"
"237624922010854","140579843010478",2007,12,23,81,2,1,"L_ORG","SF",1,2006-09-27,"GRFSL","06-12-089",717.55,145.23,133.93,394.08,8.44,435.77,.036,,49.41,,49.41,1.91,,,,,,,,,,,,,,,,,,,2006,"",2018-02-23,"126144","",2010-09-09,"10854"
"237624925010854","140579843010478",2007,12,23,81,2,1,"ORG_1","O",1,2006-09-27,"GRFSL","06-12-092",115.85,15.95,14.3,626.33,11.56,710.29,,.27,48.6,,48.6,2.24,3.59,2.86,43,70,90,151,323,5.45,.4,19.4,.2,0,1.4,0,.8,21.3,9.5,,2006,"",2018-02-23,"126144","",2010-09-09,"10854"
"237624981010854","140579843010478",2007,12,23,81,2,1,"ORG_2","O",1,2006-09-27,"GRFSL","06-12-093",50.27,3.86,3.86,1202.33,,1202.33,,6.09,50.03,,50.03,2.26,,,155,197,215,284,712,12.27,2.6,21.7,.3,0,3,.1,1,59.9,17.2,,2006,"",2018-02-23,"126144","",2010-09-09,"10854"
"237624923010854","140579843010478",2007,12,23,81,3,1,"L_ORG","SF",1,2006-09-27,"GRFSL","06-12-090",887.11,194.16,178.38,356.9,8.85,397.31,.048,,49.61,,49.61,1.82,,,,,,,,,,,,,,,,,,,2006,"",2018-02-23,"126144","",2010-09-09,"10854"
"237624924010854","140579843010478",2007,12,23,81,4,1,"L_ORG","SF",1,2006-09-27,"GRFSL","06-12-091",1001.78,185.9,172.05,438.88,8.05,482.27,.046,,49.22,,49.22,1.85,,,,,,,,,,,,,,,,,,,2006,"",2018-02-23,"126144","",2010-09-09,"10854"
"237624926010854","140580225010478",2007,12,23,83,2,1,"L_ORG","SF",1,2006-09-25,"GRFSL","06-12-084",1044.51,230.76,210.53,352.64,9.61,396.13,.057,,49.75,,49.75,1.72,,,,,,,,,,,,,,,,,,,2006,"",2018-02-23,"126144","",2010-09-09,"10854"
"237624929010854","140580225010478",2007,12,23,83,2,1,"ORG_1","O",1,2006-09-25,"GRFSL","06-12-087",187.83,9.25,8.12,1930.59,13.89,2212.56,,.17,48.85,,48.85,2.22,3.51,2.81,92,222,383,867,810,17.44,10.4,45.4,.4,0,2.9,0,1.7,43.4,18.1,,2006,"",2018-02-23,"126144","",2010-09-09,"10854"
"237624930010854","140580225010478",2007,12,23,83,2,1,"ORG_2","O",1,2006-09-25,"GRFSL","06-12-088",192.11,9.57,8.63,1907.42,10.89,2125.97,,.23,50.93,,50.93,2.17,3.71,2.87,93,130,297,707,631,13.72,7.1,24.9,.3,0,1.9,0,1,32.6,14,,2006,"",2018-02-23,"126144","",2010-09-09,"10854"
"237624927010854","140580225010478",2007,12,23,83,3,1,"L_ORG","SF",1,2006-09-25,"GRFSL","06-12-085",189.8,63.75,59.17,197.73,7.74,220.77,.016,,50.97,,50.97,1.59,,,,,,,,,,,,,,,,,,,2006,"",2018-02-23,"126144","",2010-09-09,"10854"
"237624928010854","140580225010478",2007,12,23,83,4,1,"L_ORG","SF",1,2006-09-25,"GRFSL","06-12-086",976.6,230.83,212.09,323.08,8.84,360.47,.057,,50.18,,50.18,1.62,,,,,,,,,,,,,,,,,,,2006,"",2018-02-23,"126144","",2010-09-09,"10854"
"237624915010854","140580515010478",2007,12,23,86,2,1,"FF_TOTAL","SF",1,2006-09-21,"GRFSL","06-12-072",104.65,67.85,65.64,54.24,3.36,59.42,.236,,31.5,,31.5,1.29,,,,,,,,,,,,,,,,,,,2006,"",2018-02-23,"126144","",2010-09-09,"10854"
"237624917010854","140580515010478",2007,12,23,86,2,1,"MIN_1","BD",1,2006-09-21,"GRFSL","06-12-075",252.12,234.54,233.84,7.5,.3,7.82,1.3,.16,.51,,.51,.01,4.96,4.32,5,7,8,81,35,.91,11.4,1.4,0,0,.7,0,.2,3.4,13.1,,2006,"",2018-02-23,"126144","",2010-09-09,"10854"
"237624918010854","140580515010478",2007,12,23,86,2,1,"MIN_2","BD",1,2006-09-21,"GRFSL","06-12-076",280.63,263.29,262.53,6.59,.29,6.89,1.46,.09,.28,,.28,0,4.85,4.59,3,0,1,3,40,.48,.4,.3,0,0,.4,0,0,2.9,63.1,,2006,"",2018-02-23,"126144","",2010-09-09,"10854"
"237624916010854","140580515010478",2007,12,23,86,3,1,"FF_TOTAL","SF",1,2006-09-21,"GRFSL","06-12-073",74.98,64.88,63.13,15.57,2.77,18.77,.454,,25.83,,25.83,.88,,,,,,,,,,,,,,,,,,,2006,"",2018-02-23,"126144","",2010-09-09,"10854"
"237624980010854","140580515010478",2007,12,23,86,4,1,"FF_TOTAL","SF",1,2006-09-21,"GRFSL","06-12-074",47.3,41.81,40.52,13.13,3.19,16.74,.875,,28.41,,28.41,.97,,,,,,,,,,,,,,,,,,,2006,"",2018-02-23,"126144","",2010-09-09,"10854"
"237624973010854","140584160010478",2007,12,33,82,2,1,"FF_TOTAL","SF",1,2006-06-23,"GRFSL","06-12-001",150.21,134.59,126.37,11.61,6.51,18.87,.682,,40.88,,40.88,.76,,,,,,,,,,,,,,,,,,,2006,"",2018-02-23,"126144","",2010-09-09,"10854"
"237624991010854","140584160010478",2007,12,33,82,2,1,"MIN_1","BD",1,2006-06-23,"GRFSL","06-12-002",211.33,202.22,199.74,4.5,1.24,5.8,1.11,.01,5.24,,5.24,.16,4.99,4.34,14,50,57,141,85,2.31,34.7,1.1,.1,0,.8,0,.5,8.6,7.4,,2006,"",2018-02-23,"126144","",2010-09-09,"10854"
"237624974010854","140584160010478",2007,12,33,82,2,1,"MIN_2","BD",1,2006-06-23,"GRFSL","06-12-003",223.07,188.31,173.68,18.46,8.43,28.44,.96,3.5,1.82,,1.82,.04,4.43,4.09,12,14,4,4,150,1.81,0,9.7,0,0,.4,0,.7,27.8,.6,,2006,"",2018-02-23,"126144","",2010-09-09,"10854"
"237624939010854","140553236010478",2007,12,47,54,2,1,"FF_TOTAL","SF",1,2006-09-11,"GRFSL","06-12-046",20.81,16.11,15.64,29.17,3.03,33.09,,,28.42,,28.42,.2,,,,,,,,,,,,,,,,,,,2006,"",2018-02-23,"126144","",2010-09-09,"10854"
"237624941010854","140553236010478",2007,12,47,54,2,1,"MIN_1","BD",1,2006-09-11,"GRFSL","06-12-049",220.3,174.64,169.72,26.15,2.9,29.81,.94,1.21,1.36,,1.36,.05,4.09,3.37,14,14,45,129,117,2.4,.1,17.3,0,0,.7,0,.3,4.6,3.4,,2006,"",2018-02-23,"126144","",2010-09-09,"10854"
"237624942010854","140553236010478",2007,12,47,54,2,1,"MIN_2","BD",1,2006-09-11,"GRFSL","06-12-050",339.9,294.4,293.83,15.46,.19,15.68,1.63,.01,.19,,.19,0,4.82,4.26,3,0,12,41,63,1.01,0,7.9,.2,0,.1,0,.1,1.3,2.2,,2006,"",2018-02-23,"126144","",2010-09-09,"10854"
"237624984010854","140553236010478",2007,12,47,54,3,1,"FF_TOTAL","SF",1,2006-09-11,"GRFSL","06-12-047",1346.65,590.65,558.49,127.99,5.76,141.13,1.205,,39.09,,39.09,.66,,,,,,,,,,,,,,,,,,,2006,"",2018-02-23,"126144","",2010-09-09,"10854"
"237624940010854","140553236010478",2007,12,47,54,4,1,"FF_TOTAL","SF",1,2006-09-11,"GRFSL","06-12-048",64.12,49.35,46.59,29.93,5.93,37.64,,,47.58,,47.58,.49,,,,,,,,,,,,,,,,,,,2006,"",2018-02-23,"126144","",2010-09-09,"10854"
"237624898010854","140553976010478",2007,12,49,56,4,1,"FF_TOTAL","SF",1,2006-09-15,"GRFSL","06-12-059",23.63,16.8,15.84,40.65,6.08,49.2,.342,,,,,,,,,,,,,,,,,,,,,,,,2006,"",2018-02-23,"126144","",2010-09-09,"10854"
"237624906010854","140555303010478",2007,12,53,56,2,1,"FF_TOTAL","SF",1,2006-09-12,"GRFSL","06-12-056",247.91,103.05,94.92,140.57,8.57,161.18,.256,,41.24,,41.24,1.28,,,,,,,,,,,,,,,,,,,2006,"",2018-02-23,"126144","",2010-09-09,"10854"
"237624907010854","140555303010478",2007,12,53,56,3,1,"FF_TOTAL","SF",1,2006-09-12,"GRFSL","06-12-057",181.74,74.73,68.94,143.2,8.4,163.63,.149,,37.87,,37.87,1.27,,,,,,,,,,,,,,,,,,,2006,"",2018-02-23,"126144","",2010-09-09,"10854"
"237624978010854","140555303010478",2007,12,53,56,4,1,"FF_TOTAL","SF",1,2006-09-12,"GRFSL","06-12-058",117.5,42.97,38.98,173.45,10.25,201.47,.12,,38.84,,38.84,1.24,,,,,,,,,,,,,,,,,,,2006,"",2018-02-23,"126144","",2010-09-09,"10854"
"237624899010854","140556437010478",2007,12,57,120,2,1,"FF_TOTAL","SF",1,2006-09-22,"GRFSL","06-12-080",432.91,218.81,204.9,97.85,6.79,111.28,.276,,39.25,,39.25,.96,,,,,,,,,,,,,,,,,,,2006,"",2018-02-23,"126144","",2010-09-09,"10854"
"237624975010854","140556437010478",2007,12,57,120,2,1,"MIN_1","O",1,2006-09-22,"GRFSL","06-12-082",236.77,198.1,183.21,19.52,8.13,29.24,,.29,1.14,,1.14,.03,4.41,3.5,4,6,26,149,8,1.07,0,2.6,.1,0,.6,0,.9,1.9,1.5,,2006,"",2018-02-23,"126144","",2010-09-09,"10854"
"237624901010854","140556437010478",2007,12,57,120,2,1,"MIN_2","O",1,2006-09-22,"GRFSL","06-12-083",407.89,352,351.7,15.88,.09,15.98,,.02,.14,,.14,0,4.58,3.66,2,0,2,16,2,.12,0,1.4,0,0,.3,0,.4,.7,.6,,2006,"",2018-02-23,"126144","",2010-09-09,"10854"
"237624900010854","140556437010478",2007,12,57,120,3,1,"FF_TOTAL","SF",1,2006-09-22,"GRFSL","06-12-081",1389.12,379.02,341.44,266.5,11.01,306.84,.307,,46.46,,46.46,1.32,,,,,,,,,,,,,,,,,,,2006,"",2018-02-23,"126144","",2010-09-09,"10854"
"237624965010854","140557281010478",2007,12,59,49,2,1,"FF_TOTAL","SF",1,2006-07-06,"GRFSL","06-12-019",187.73,150.99,142.42,24.33,6.02,31.82,.22,,41.63,,41.63,.68,,,,,,,,,,,,,,,,,,,2006,"",2018-02-23,"126144","",2010-09-09,"10854"
"237624966010854","140557281010478",2007,12,59,49,2,1,"MIN_1","BD",1,2006-07-06,"GRFSL","06-12-020",272.54,258.16,257.13,5.57,.4,5.99,1.43,.65,1.34,,1.34,.01,4.99,4.32,11,12,8,38,40,.78,37.5,.8,0,0,.5,0,0,4.4,16.1,,2006,"",2018-02-23,"126144","",2010-09-09,"10854"
"237624967010854","140557281010478",2007,12,59,49,2,1,"MIN_2","BD",1,2006-07-06,"GRFSL","06-12-021",344.24,328.4,327.67,4.82,.22,5.06,1.82,.86,.95,,.95,0,4.92,4.44,15,7,2,9,32,.51,12.4,.8,0,0,.3,0,0,3.7,24.4,,2006,"",2018-02-23,"126144","",2010-09-09,"10854"
"237624951010854","140558877010478",2007,12,63,79,2,1,"FF_TOTAL","SF",1,2006-07-06,"GRFSL","06-12-016",101.62,84.13,79.82,20.79,5.4,27.31,.345,,30.61,,30.61,.59,,,,,,,,,,,,,,,,,,,2006,"",2018-02-23,"126144","",2010-09-09,"10854"
"237624987010854","140558877010478",2007,12,63,79,2,1,"MIN_1","O",1,2006-07-06,"GRFSL","06-12-017",308.73,283.89,281.87,8.75,.72,9.53,,1.59,1.99,,1.99,.04,5.09,4.52,8,12,17,162,61,1.69,45.4,0,0,0,.6,0,.6,4.5,4.8,,2006,"",2018-02-23,"126144","",2010-09-09,"10854"
"237624952010854","140558877010478",2007,12,63,79,2,1,"MIN_2","O",1,2006-07-06,"GRFSL","06-12-018",280.18,260.42,258.93,7.59,.58,8.21,,.82,2.2,,2.2,.01,5.08,4.5,9,8,13,133,47,1.35,35.5,0,0,0,.3,0,.4,3.8,3.7,,2006,"",2018-02-23,"126144","",2010-09-09,"10854"
"237624961010854","140558712010478",2007,12,63,93,2,1,"FF_TOTAL","SF",1,2006-10-04,"GRFSL","06-12-107",107.89,47.65,45.15,126.42,5.55,138.98,.139,,32.15,,32.15,.92,,,,,,,,,,,,,,,,,,,2006,"",2018-02-23,"126144","",2010-09-09,"10854"
"237624963010854","140558712010478",2007,12,63,93,2,1,"MIN_1","BD",1,2006-10-04,"GRFSL","06-12-110",254.92,236.65,233.09,7.72,1.53,9.36,1.29,.08,1.79,,1.79,.1,5.69,5.17,8,51,94,1032,3,6.12,26,0,.1,0,2,0,.1,6.7,2,,2006,"",2018-02-23,"126144","",2010-09-09,"10854"
"237624964010854","140558712010478",2007,12,63,93,2,1,"MIN_2","BD",1,2006-10-04,"GRFSL","06-12-111",280.53,258.67,256.1,8.45,1.01,9.54,1.42,.08,.85,,.85,.05,5.5,4.96,8,11,53,462,19,3.02,25.7,0,.1,0,1.2,0,.6,9,1.4,,2006,"",2018-02-23,"126144","",2010-09-09,"10854"
"237624989010854","140558712010478",2007,12,63,93,3,1,"FF_TOTAL","SF",1,2006-10-04,"GRFSL","06-12-108",128.17,117.35,111.81,9.22,4.96,14.63,.483,,28.09,,28.09,.73,,,,,,,,,,,,,,,,,,,2006,"",2018-02-23,"126144","",2010-09-09,"10854"
"237624962010854","140558712010478",2007,12,63,93,4,1,"FF_TOTAL","SF",1,2006-10-04,"GRFSL","06-12-109",57.7,53.45,50.91,7.95,4.98,13.33,.275,,35.46,,35.46,1.12,,,,,,,,,,,,,,,,,,,2006,"",2018-02-23,"126144","",2010-09-09,"10854"
"237624919010854","140560559010478",2007,12,67,55,2,1,"FF_TOTAL","SF",1,2006-09-18,"GRFSL","06-12-069",1352.61,579.85,546.59,133.27,6.08,147.46,.737,,36.31,,36.31,1.29,,,,,,,,,,,,,,,,,,,2006,"",2018-02-23,"126144","",2010-09-09,"10854"
"237624920010854","140560559010478",2007,12,67,55,2,1,"MIN_1","BD",1,2006-09-18,"GRFSL","06-12-070",223.71,194.99,190.19,14.73,2.52,17.62,1.06,.07,2.86,,2.86,.1,4.28,3.29,25,17,21,288,96,2.83,0,4.8,0,0,.5,0,.5,4.1,2.7,,2006,"",2018-02-23,"126144","",2010-09-09,"10854"
"237624921010854","140560559010478",2007,12,67,55,2,1,"MIN_2","BD",1,2006-09-18,"GRFSL","06-12-071",287.38,277.2,274.09,3.67,1.14,4.85,1.52,.01,.48,,.48,.01,4.65,3.84,3,0,3,140,57,1.37,0,1.8,.1,0,.6,0,0,1,1.3,,2006,"",2018-02-23,"126144","",2010-09-09,"10854"
"237624913010854","140564407010478",2007,12,75,145,2,1,"FF_TOTAL","SF",1,2006-07-17,"GRFSL","06-12-028",36.96,33.12,30.84,11.59,7.39,19.84,.166,,44.18,,44.18,1.13,,,,,,,,,,,,,,,,,,,2006,"",2018-02-23,"126144","",2010-09-09,"10854"
"237624914010854","140564407010478",2007,12,75,145,2,1,"MIN_1","BD",1,2006-07-17,"GRFSL","06-12-029",206.4,196.82,192.54,4.87,2.22,7.2,1.07,.69,2.36,,2.36,.04,4.21,3.19,16,13,24,189,21,1.47,0,2.9,0,0,1.9,0,.7,5.7,2.3,,2006,"",2018-02-23,"126144","",2010-09-09,"10854"
"237624979010854","140564407010478",2007,12,75,145,2,1,"MIN_2","BD",1,2006-07-17,"GRFSL","06-12-030",288.7,283.16,282.32,1.96,.3,2.26,1.57,.03,1.14,,1.14,.02,4.47,3.31,4,1,12,73,11,.6,0,1.5,.1,0,.2,0,0,1.8,.8,,2006,"",2018-02-23,"126144","",2010-09-09,"10854"
"237624947010854","140566499010478",2007,12,77,84,2,1,"FF_TOTAL","SF",1,2006-09-25,"GRFSL","06-12-122",75.12,48.65,46.23,54.41,5.24,62.49,.143,,32.02,,32.02,.44,,,,,,,,,,,,,,,,,,,2006,"",2018-02-23,"126144","",2010-09-09,"10854"
"237624986010854","140566499010478",2007,12,77,84,2,1,"MIN_1","BD",1,2006-09-25,"GRFSL","06-12-125",180.37,166.73,164.71,8.18,1.22,9.51,.92,.01,1.07,,1.07,0,4.81,4.29,7,12,7,24,75,1.08,3,6.2,.1,0,.6,0,.3,6.3,2.9,,2006,"",2018-02-23,"126144","",2010-09-09,"10854"
"237624950010854","140566499010478",2007,12,77,84,2,1,"MIN_2","BD",1,2006-09-25,"GRFSL","06-12-126",340.66,316.92,315.68,7.49,.39,7.91,1.75,.01,.49,,.49,0,4.9,4.69,3,0,1,4,46,.55,0,1.7,0,0,.1,0,.1,4.5,1.5,,2006,"",2018-02-23,"126144","",2010-09-09,"10854"
"237624948010854","140566499010478",2007,12,77,84,3,1,"FF_TOTAL","SF",1,2006-09-25,"GRFSL","06-12-123",13.55,9.56,8.92,41.74,7.19,51.93,.193,,48.35,,48.35,.61,,,,,,,,,,,,,,,,,,,2006,"",2018-02-23,"126144","",2010-09-09,"10854"
"237624949010854","140566499010478",2007,12,77,84,4,1,"FF_TOTAL","SF",1,2006-09-25,"GRFSL","06-12-124",34.89,23.1,21.99,51.04,5.03,58.64,,,34.99,,34.99,.45,,,,,,,,,,,,,,,,,,,2006,"",2018-02-23,"126144","",2010-09-09,"10854"
"237624902010854","140592869010478",2007,12,97,153,4,1,"FF_TOTAL","SF",1,2006-09-21,"GRFSL","06-12-079",16.49,7.04,6.52,134.23,8.06,153.1,,,50.18,,50.18,1.2,,,,,,,,,,,,,,,,,,,2006,"",2018-02-23,"126144","",2010-09-09,"10854"
"237624895010854","140595038010478",2007,12,99,212,2,1,"FF_TOTAL","SF",1,2006-09-28,"GRFSL","06-12-104",929.48,344.23,322.56,170.02,6.72,188.16,.995,,44.48,,44.48,.54,,,,,,,,,,,,,,,,,,,2006,"",2018-02-23,"126144","",2010-09-09,"10854"
"237624896010854","140595038010478",2007,12,99,212,2,1,"MIN_1","BD",1,2006-09-28,"GRFSL","06-12-105",232.42,156.36,154.01,48.64,1.53,50.91,.86,.54,6.16,,6.16,.14,4.14,3.38,58,29,121,566,33,4.51,0,16,.2,0,.5,0,1.5,11.8,1.1,,2006,"",2018-02-23,"126144","",2010-09-09,"10854"
"237624897010854","140595038010478",2007,12,99,212,2,1,"MIN_2","BD",1,2006-09-28,"GRFSL","06-12-106",307.84,248.47,247.97,23.89,.2,24.14,1.38,.06,.3,,.3,0,5.02,4.19,15,0,6,29,11,.38,0,5.2,.9,0,.9,0,.2,3.1,.5,,2006,"",2018-02-23,"126144","",2010-09-09,"10854"
"237624976010854","140595787010478",2007,12,101,84,2,1,"FF_TOTAL","SF",1,2006-09-14,"GRFSL","06-12-060",875.59,354.46,323.37,147.02,9.62,170.77,.411,,35.81,,35.81,1.93,,,,,,,,,,,,,,,,,,,2006,"",2018-02-23,"126144","",2010-09-09,"10854"
"237624977010854","140595787010478",2007,12,101,84,2,1,"MIN_1","BD",1,2006-09-14,"GRFSL","06-12-063",182.5,156.03,153.54,16.96,1.62,18.86,.85,.18,.67,,.67,.02,6.19,5.92,31,11,41,2887,1,14.92,0,1.1,0,0,0,0,0,47.9,,.2,2006,"",2018-02-23,"126144","",2010-09-09,"10854"
"237624905010854","140595787010478",2007,12,101,84,2,1,"MIN_2","BD",1,2006-09-14,"GRFSL","06-12-064",274.34,245.55,243.85,11.72,.7,12.5,1.35,0,3.84,,3.84,.25,6.12,5.66,5,0,6,583,1,2.99,0,.5,0,0,0,0,0,9.8,,0,2006,"",2018-02-23,"126144","",2010-09-09,"10854"
"237624903010854","140595787010478",2007,12,101,84,3,1,"FF_TOTAL","SF",1,2006-09-14,"GRFSL","06-12-061",344.47,115.12,103.81,199.23,10.9,231.84,.102,,45.54,,45.54,2.07,,,,,,,,,,,,,,,,,,,2006,"",2018-02-23,"126144","",2010-09-09,"10854"
"237624904010854","140595787010478",2007,12,101,84,4,1,"FF_TOTAL","SF",1,2006-09-14,"GRFSL","06-12-062",1290.22,514.03,464.76,151,10.6,177.61,.557,,39.97,,39.97,2.58,,,,,,,,,,,,,,,,,,,2006,"",2018-02-23,"126144","",2010-09-09,"10854"
"237624911010854","140599005010478",2007,12,107,80,3,1,"FF_TOTAL","SF",1,2006-09-20,"GRFSL","06-12-077",68.47,47.53,43.83,44.06,8.44,56.21,.063,,50.13,,50.13,.74,,,,,,,,,,,,,,,,,,,2006,"",2018-02-23,"126144","",2010-09-09,"10854"
"237624912010854","140599005010478",2007,12,107,80,4,1,"FF_TOTAL","SF",1,2006-09-20,"GRFSL","06-12-078",572.53,269.01,247.79,112.83,8.56,131.05,.206,,48.87,,48.87,.91,,,,,,,,,,,,,,,,,,,2006,"",2018-02-23,"126144","",2010-09-09,"10854"
"237624968010854","140537042010478",2007,12,113,112,2,1,"FF_TOTAL","SF",1,2006-06-23,"GRFSL","06-12-010",32.37,27.6,25.71,17.28,7.34,25.89,.185,,50.36,,50.36,.45,,,,,,,,,,,,,,,,,,,2006,"",2018-02-23,"126144","",2010-09-09,"10854"
"237624990010854","140537042010478",2007,12,113,112,2,1,"MIN_1","BD",1,2006-06-23,"GRFSL","06-12-011",291.45,257.99,256.11,12.97,.74,13.8,1.42,.28,2.11,,2.11,.03,4.74,4.31,14,20,14,49,94,1.52,6.3,7.1,0,0,.5,0,.3,8.4,1.4,,2006,"",2018-02-23,"126144","",2010-09-09,"10854"
"237624969010854","140537042010478",2007,12,113,112,2,1,"MIN_2","BD",1,2006-06-23,"GRFSL","06-12-012",347.68,312.45,311.01,11.28,.46,11.79,1.73,.92,.38,,.38,0,4.65,4.31,10,11,6,14,76,1.03,0,11.9,0,0,0,0,.3,14.5,1.5,,2006,"",2018-02-23,"126144","",2010-09-09,"10854"
"237624970010854","140536673010478",2007,12,113,121,2,1,"FF_TOTAL","SF",1,2006-06-23,"GRFSL","06-12-007",134.6,87.29,81.09,54.2,7.65,65.99,.583,,32.78,,32.78,.73,,,,,,,,,,,,,,,,,,,2006,"",2018-02-23,"126144","",2010-09-09,"10854"
"237624971010854","140536673010478",2007,12,113,121,2,1,"MIN_1","BD",1,2006-06-23,"GRFSL","06-12-008",261.01,177.67,160.8,46.91,10.49,62.32,.89,.08,6.7,,6.7,.27,4.08,3.78,16,10,12,26,334,4.04,0,13.7,.1,0,.5,0,1.7,22.2,2.6,,2006,"",2018-02-23,"126144","",2010-09-09,"10854"
"237624972010854","140536673010478",2007,12,113,121,2,1,"MIN_2","BD",1,2006-06-23,"GRFSL","06-12-009",350.67,294.57,291.33,19.04,1.11,20.37,1.62,.07,1.18,,1.18,.02,4.45,4.05,9,4,4,18,153,1.88,0,4.8,0,0,.5,0,.5,14.7,1.3,,2006,"",2018-02-23,"126144","",2010-09-09,"10854"
"237624982010854","140539549010478",2007,12,121,62,2,1,"FF_TOTAL","SF",1,2006-09-12,"GRFSL","06-12-051",32.28,27.02,25.88,19.47,4.4,24.73,.186,,28.31,,28.31,.46,,,,,,,,,,,,,,,,,,,2006,"",2018-02-23,"126144","",2010-09-09,"10854"
"237624933010854","140539549010478",2007,12,121,62,2,1,"MIN_1","BD",1,2006-09-12,"GRFSL","06-12-054",307.41,287.92,285.71,6.77,.77,7.59,1.59,.02,.79,,.79,.02,5.74,5.05,6,10,49,355,16,2.4,2.9,0,.1,0,.2,0,0,1.3,103.3,,2006,"",2018-02-23,"126144","",2010-09-09,"10854"
"237624934010854","140539549010478",2007,12,121,62,2,1,"MIN_2","BD",1,2006-09-12,"GRFSL","06-12-055",309.47,291.08,289.68,6.32,.48,6.83,1.61,.47,.96,,.96,.01,5.36,4.65,5,3,31,126,53,1.5,4,.5,0,0,.1,0,0,2.1,113.4,,2006,"",2018-02-23,"126144","",2010-09-09,"10854"
"237624931010854","140539549010478",2007,12,121,62,3,1,"FF_TOTAL","SF",1,2006-09-12,"GRFSL","06-12-052",41.95,36.55,34.95,14.77,4.57,20.02,.251,,34.12,,34.12,.52,,,,,,,,,,,,,,,,,,,2006,"",2018-02-23,"126144","",2010-09-09,"10854"
"237624932010854","140539549010478",2007,12,121,62,4,1,"FF_TOTAL","SF",1,2006-09-12,"GRFSL","06-12-053",33.07,25.28,24.31,30.81,3.99,36.03,.131,,29.32,,29.32,1.12,,,,,,,,,,,,,,,,,,,2006,"",2018-02-23,"126144","",2010-09-09,"10854"
"237624935010854","140540350010478",2007,12,123,122,2,1,"FF_TOTAL","SF",1,2006-10-03,"GRFSL","06-12-112",179.53,104.33,98.58,72.08,5.83,82.11,,,37.47,,37.47,.49,,,,,,,,,,,,,,,,,,,2006,"",2018-02-23,"126144","",2010-09-09,"10854"
"237624937010854","140540350010478",2007,12,123,122,2,1,"MIN_1","BD",1,2006-10-03,"GRFSL","06-12-115",220.95,182.17,178.94,21.29,1.81,23.48,.99,.09,2.85,,2.85,.07,4.15,3.85,13,19,59,534,24,3.52,1.2,1.3,.1,0,2.4,0,.5,4.2,2.1,,2006,"",2018-02-23,"126144","",2010-09-09,"10854"
"237624938010854","140540350010478",2007,12,123,122,2,1,"MIN_2","BD",1,2006-10-03,"GRFSL","06-12-116",293.77,281.13,280.3,4.5,.3,4.81,1.56,.04,.37,,.37,0,4.49,3.99,6,1,15,109,7,.77,0,.1,0,0,.7,0,.1,1.9,.4,,2006,"",2018-02-23,"126144","",2010-09-09,"10854"
"237624983010854","140540350010478",2007,12,123,122,3,1,"FF_TOTAL","SF",1,2006-10-03,"GRFSL","06-12-113",610.37,320.06,294.38,90.7,8.72,107.34,.205,,49.13,,49.13,1.57,,,,,,,,,,,,,,,,,,,2006,"",2018-02-23,"126144","",2010-09-09,"10854"
"237624936010854","140540350010478",2007,12,123,122,4,1,"FF_TOTAL","SF",1,2006-10-03,"GRFSL","06-12-114",505.68,273.88,255.76,84.64,7.09,97.72,,,38.63,,38.63,1.44,,,,,,,,,,,,,,,,,,,2006,"",2018-02-23,"126144","",2010-09-09,"10854"
"237624985010854","140543740010478",2007,12,129,66,2,1,"FF_TOTAL","SF",1,2006-09-26,"GRFSL","06-12-117",549.01,272.35,254.35,101.58,7.08,115.85,.61,,42.5,,42.5,.56,,,,,,,,,,,,,,,,,,,2006,"",2018-02-23,"126144","",2010-09-09,"10854"
"237624945010854","140543740010478",2007,12,129,66,2,1,"MIN_1","BD",1,2006-09-26,"GRFSL","06-12-120",265.89,246.69,244.18,7.78,1.03,8.89,1.36,0,.81,,.81,.02,5.62,4.9,7,10,27,314,5,1.9,5.4,3.3,.6,0,.2,0,0,2.5,15,,2006,"",2018-02-23,"126144","",2010-09-09,"10854"
"237624946010854","140543740010478",2007,12,129,66,2,1,"MIN_2","BD",1,2006-09-26,"GRFSL","06-12-121",296.03,281.99,280.91,4.98,.39,5.38,1.56,.22,.24,,.24,0,6.24,5.69,3,3,24,301,1,1.73,.8,.8,.1,0,0,0,0,.6,,4.4,2006,"",2018-02-23,"126144","",2010-09-09,"10854"
"237624943010854","140543740010478",2007,12,129,66,3,1,"FF_TOTAL","SF",1,2006-09-26,"GRFSL","06-12-118",1040.11,560.98,532.51,85.41,5.35,95.32,1.149,,32.1,,32.1,.42,,,,,,,,,,,,,,,,,,,2006,"",2018-02-23,"126144","",2010-09-09,"10854"
"237624944010854","140543740010478",2007,12,129,66,4,1,"FF_TOTAL","SF",1,2006-09-26,"GRFSL","06-12-119",765.51,364.91,343.27,109.78,6.3,123.01,.741,,37.49,,37.49,.61,,,,,,,,,,,,,,,,,,,2006,"",2018-02-23,"126144","",2010-09-09,"10854"
"237624958010854","140545450010478",2007,12,131,121,2,1,"FF_TOTAL","SF",1,2006-06-23,"GRFSL","06-12-013",100.48,99.56,93.53,.92,6.44,7.43,.505,,39.73,,39.73,1.08,,,,,,,,,,,,,,,,,,,2006,"",2018-02-23,"126144","",2010-09-09,"10854"
"237624959010854","140545450010478",2007,12,131,121,2,1,"MIN_1","BD",1,2006-06-23,"GRFSL","06-12-014",167.32,130.91,126.88,27.81,3.18,31.87,.7,.03,7.03,,7.03,.18,4,3.46,29,47,44,123,402,5.69,6.4,40.9,0,0,1.3,0,1.5,22.9,1.6,,2006,"",2018-02-23,"126144","",2010-09-09,"10854"
"237624960010854","140545450010478",2007,12,131,121,2,1,"MIN_2","BD",1,2006-06-23,"GRFSL","06-12-015",263.02,249.67,248.41,5.35,.51,5.88,1.38,3.25,.46,,.46,.02,4.78,4.32,9,11,12,26,63,1,12.2,.8,0,0,1.2,0,.3,9.2,1.5,,2006,"",2018-02-23,"126144","",2010-09-09,"10854"
